icao24,callsign,time,lat,lon,altitude_ft,velocity_kts,heading_deg,on_ground,time_utc,alt_band
a798ad,WMN589,1773422210.0,33.2012,-97.9943,27675.0008856,357.09335999999996,289.3,False,2026-03-13 17:16:50+00:00,Transition
a234ef,ENY4095,1773422210.0,32.823,-97.2648,10750.000344,301.88376,339.64,False,2026-03-13 17:16:50+00:00,Terminal
a53473,N43408,1773422210.0,32.3976,-97.8602,4400.0001408,96.26688,235.15,False,2026-03-13 17:16:50+00:00,Low
abfac6,SWA2531,1773422210.0,33.4006,-97.0221,7275.0002328,300.11472,100.56,False,2026-03-13 17:16:50+00:00,Low
a3917e,N329TX,1773422210.0,32.8596,-97.32,1450.0000464,110.94408,207.95,False,2026-03-13 17:16:50+00:00,Low
a6a441,N527PN,1773422210.0,32.2313,-96.5301,11275.000360799999,356.76288,319.43,False,2026-03-13 17:16:50+00:00,Terminal
a0802e,N131PA,1773422210.0,32.8428,-96.2271,1525.0000488,108.1836,340.56,False,2026-03-13 17:16:50+00:00,Low
a48973,N3914Q,1773422210.0,32.0426,-96.6644,1150.0000367999999,114.85152,343.3,False,2026-03-13 17:16:50+00:00,Low
a45052,N3771L,1773422210.0,32.4769,-96.9001,1300.0000416,91.05696,321.24,False,2026-03-13 17:16:50+00:00,Low
ad311d,N9491L,1773422210.0,32.3499,-97.436,2000.000064,74.70792,242.06,False,2026-03-13 17:16:50+00:00,Low
abb58b,N8535G,1773422210.0,33.3954,-96.6886,3600.0001152,86.02199999999999,203.29,False,2026-03-13 17:16:50+00:00,Low
a9af67,CXK533,1773422210.0,32.6781,-97.0978,700.0000224,56.29824,167.69,False,2026-03-13 17:16:50+00:00,Low
a5e676,N48CD,1773422210.0,32.8794,-96.6897,1150.0000367999999,37.44144,124.11,False,2026-03-13 17:16:50+00:00,Low
aaa7b5,N786KD,1773422210.0,32.7576,-96.5302,475.0000152,76.0104,180.75,False,2026-03-13 17:16:50+00:00,Low
aaf70f,N8052A,1773422210.0,33.0978,-96.0643,1050.0000336,73.24992,231.1,False,2026-03-13 17:16:50+00:00,Low
a2ce8d,N280FW,1773422210.0,32.8376,-97.3637,850.0000272,116.11511999999999,172.08,False,2026-03-13 17:16:50+00:00,Low
a1fbe6,N227KC,1773422210.0,33.483,-96.4843,4750.000152,149.04648,196.37,False,2026-03-13 17:16:50+00:00,Low
a2c27e,SWA1274,1773422210.0,32.9187,-96.8995,2100.0000672,142.28135999999998,227.56,False,2026-03-13 17:16:50+00:00,Low
a3db0c,CNS33,1773422210.0,33.0154,-96.7568,2825.0000904,207.61919999999998,322.63,False,2026-03-13 17:16:50+00:00,Low
a52e50,AAL1908,1773422210.0,32.963,-97.0542,1525.0000488,129.10103999999998,182.22,False,2026-03-13 17:16:50+00:00,Low
a20a11,N230SA,1773422210.0,32.9651,-96.8347,875.0000279999999,68.54544,156.8,False,2026-03-13 17:16:50+00:00,Low
ad081a,N939LH,1773422210.0,32.6404,-96.8002,1900.0000608,125.71848,328.33,False,2026-03-13 17:16:50+00:00,Low
aa9d55,N783TA,1773422210.0,33.0553,-97.2023,900.0000288,62.208,355.39,False,2026-03-13 17:16:50+00:00,Low
a7c0c5,N599VV,1773422210.0,32.729,-97.4312,3650.0001168,118.07856,91.94,False,2026-03-13 17:16:50+00:00,Low
ac2bc6,SWA1061,1773422210.0,33.4437,-97.4082,10900.0003488,342.72720000000004,95.69,False,2026-03-13 17:16:50+00:00,Terminal
a988cc,SKW6335,1773422210.0,33.4656,-96.2392,14675.000469599998,324.12312,220.62,False,2026-03-13 17:16:50+00:00,Terminal
acd0ca,AAL1393,1773422210.0,32.803,-97.0526,3225.0001032,253.10879999999997,181.58,False,2026-03-13 17:16:50+00:00,Low
a1c4db,N213CB,1773422210.0,32.4699,-97.1474,2000.000064,152.5068,49.52,False,2026-03-13 17:16:50+00:00,Low
a18903,N19850,1773422210.0,32.4444,-97.7085,4025.0001288,69.12864,211.39,False,2026-03-13 17:16:50+00:00,Low
ab635d,SWA4623,1773422210.0,33.3607,-96.8092,4225.0001352,265.00608,102.2,False,2026-03-13 17:16:50+00:00,Low
ab1fa7,AAL5,1773422210.0,32.8375,-97.7144,17725.0005672,373.26743999999997,277.54,False,2026-03-13 17:16:50+00:00,Terminal
ab54ec,N8292D,1773422210.0,32.5558,-97.4713,3300.0001056,74.0664,272.32,False,2026-03-13 17:16:50+00:00,Low
a7299c,N5602V,1773422210.0,33.1108,-96.0852,1000.000032,83.63088,153.74,False,2026-03-13 17:16:50+00:00,Low
aa34d0,N757HY,1773422210.0,33.3966,-97.3243,3700.0001184,70.6644,153.07,False,2026-03-13 17:16:50+00:00,Low
a919b4,N686CA,1773422210.0,32.5804,-96.883,2300.0000735999997,119.71152,353.77,False,2026-03-13 17:16:50+00:00,Low
a1559d,N1850F,1773422210.0,32.5607,-96.3383,3650.0001168,131.04504,91.31,False,2026-03-13 17:16:50+00:00,Low
a7c85c,N600MK,1773422210.0,32.6197,-96.782,12575.0004024,251.20368,172.45,False,2026-03-13 17:16:50+00:00,Terminal
ae52aa,TANDM29,1773422210.0,32.731,-96.9748,450.0000144,32.25096,277.13,False,2026-03-13 17:16:50+00:00,Low
ade53c,CNS316,1773422210.0,32.9165,-97.0722,4000.000128,237.18744,277.75,False,2026-03-13 17:16:50+00:00,Low
a1074e,N1655F,1773422210.0,33.1698,-97.7653,3400.0001088,86.33304,251.77,False,2026-03-13 17:16:50+00:00,Low
ad3396,N95PC,1773422210.0,33.0586,-97.5889,22000.000704000002,224.16264,239.43,False,2026-03-13 17:16:50+00:00,Transition
a20132,N22808,1773422210.0,32.6688,-97.1107,1575.0000504,95.35319999999999,350.34,False,2026-03-13 17:16:50+00:00,Low
a5749c,N4501E,1773422210.0,32.9382,-97.5841,2525.0000808,105.73416,79.65,False,2026-03-13 17:16:50+00:00,Low
a74ae4,N5691R,1773422210.0,33.3137,-96.2534,2475.0000792,67.9428,227.39,False,2026-03-13 17:16:50+00:00,Low
a14f2f,N1837S,1773422210.0,32.9399,-96.271,41000.001312,451.8828,101.36,False,2026-03-13 17:16:50+00:00,High
a5c430,N4705Q,1773422210.0,33.3386,-97.1243,3000.0000959999998,84.21408,4.09,False,2026-03-13 17:16:50+00:00,Low
adcbdc,N98843,1773422210.0,32.4779,-97.2491,1475.0000472,79.62624,244.72,False,2026-03-13 17:16:50+00:00,Low
a3a9eb,AAL1746,1773422210.0,32.8513,-97.0975,35000.00112,480.34296,119.02,False,2026-03-13 17:16:50+00:00,High
a0237e,N108LZ,1773422210.0,33.0088,-96.1387,4900.0001568,140.95944,61.62,False,2026-03-13 17:16:50+00:00,Low
ac0e33,N876SC,1773422210.0,32.4335,-97.1017,3475.0001112,103.032,178.89,False,2026-03-13 17:16:50+00:00,Low
a7ea3f,N609SA,1773422210.0,32.9991,-96.5189,2900.0000928,126.57383999999999,264.56,False,2026-03-13 17:16:50+00:00,Low
a02eaf,N1101A,1773422210.0,32.949,-96.1741,18125.00058,373.87008,69.0,False,2026-03-13 17:16:50+00:00,Transition
ac00b1,SWA2651,1773422210.0,32.9241,-96.8045,3200.0001024,184.64112,313.46,False,2026-03-13 17:16:50+00:00,Low
ac6f9c,N900EM,1773422210.0,32.3391,-96.6858,40000.00128,422.0424,352.1,False,2026-03-13 17:16:50+00:00,High
a25ba7,EPI251,1773422210.0,32.9623,-96.775,2000.000064,106.39511999999999,85.15,False,2026-03-13 17:16:50+00:00,Low
a9dc3d,N734ZY,1773422210.0,33.2247,-97.1384,2525.0000808,118.02024,36.38,False,2026-03-13 17:16:50+00:00,Low
acac14,N9153W,1773422210.0,33.0776,-96.5776,3475.0001112,123.67728,149.91,False,2026-03-13 17:16:50+00:00,Low
a20258,UNKNOWN,1773422210.0,32.766,-97.6704,1575.0000504,83.74752,319.84,False,2026-03-13 17:16:50+00:00,Low
a6d0f0,N5383K,1773422210.0,32.4279,-97.3939,1675.0000536,101.53511999999999,63.69,False,2026-03-13 17:16:50+00:00,Low
a46430,N382RA,1773422210.0,33.4003,-97.2191,1750.0000559999999,84.29184,4.76,False,2026-03-13 17:16:50+00:00,Low
a52dbc,NWX432,1773422210.0,32.5921,-97.9628,4525.0001448,93.38976,313.26,False,2026-03-13 17:16:50+00:00,Low
ac1e22,N880DB,1773422210.0,32.7999,-97.1432,825.0000264,32.38704,171.12,False,2026-03-13 17:16:50+00:00,Low
a904e6,TRF688,1773422210.0,32.9517,-96.1329,1900.0000608,119.41991999999999,26.35,False,2026-03-13 17:16:50+00:00,Low
a63c08,N500XL,1773422210.0,32.6042,-97.1116,2225.0000711999996,185.72976,348.51,False,2026-03-13 17:16:50+00:00,Low
a64310,N502TJ,1773422210.0,32.9391,-96.5476,2400.0000768,124.55207999999999,304.2,False,2026-03-13 17:16:50+00:00,Low
a9903a,SKW6355,1773422210.0,32.7714,-97.1972,8050.0002576,267.3,272.57,False,2026-03-13 17:16:50+00:00,Low
a5bb0b,N469AA,1773422210.0,33.2566,-97.4458,2975.0000952,129.10103999999998,87.78,False,2026-03-13 17:16:50+00:00,Low
a4c7a3,N407LG,1773422210.0,32.8524,-97.7428,1775.0000568,121.15008,272.84,False,2026-03-13 17:16:50+00:00,Low
a11908,N17YP,1773422210.0,32.5297,-97.8044,4400.0001408,143.23392,266.8,False,2026-03-13 17:16:50+00:00,Low
a56acc,NWX448,1773422210.0,32.9841,-97.8663,6050.0001936,110.45808,47.94,False,2026-03-13 17:16:50+00:00,Low
a49a5b,N396PC,1773422210.0,32.4882,-96.8485,1850.0000592,97.66656,214.99,False,2026-03-13 17:16:50+00:00,Low
a4ea9d,N416CA,1773422210.0,32.6586,-96.8482,1650.0000528,114.11280000000001,2.51,False,2026-03-13 17:16:50+00:00,Low
a621f8,N49447,1773422210.0,32.6083,-97.8747,3500.0001119999997,84.50568,320.28,False,2026-03-13 17:16:50+00:00,Low
acf261,N933SC,1773422210.0,32.6939,-97.0271,1375.0000440000001,113.37407999999999,4.55,False,2026-03-13 17:16:50+00:00,Low
a20fa3,CXK619,1773422210.0,33.3394,-96.0535,4450.000142399999,96.46127999999999,250.63,False,2026-03-13 17:16:50+00:00,Low
a37313,N321LT,1773422210.0,32.9361,-97.2416,3450.0001104,168.4476,94.09,False,2026-03-13 17:16:50+00:00,Low
a4e1d5,N4131W,1773422210.0,33.1701,-96.5511,5425.0001735999995,157.05576000000002,54.59,False,2026-03-13 17:16:50+00:00,Low
ab4732,AAL127,1773422210.0,32.8597,-97.5418,12875.000412000001,375.40584,288.97,False,2026-03-13 17:16:50+00:00,Terminal
abe501,SWA2471,1773422210.0,32.1478,-96.6521,36000.001152,429.64344,210.8,False,2026-03-13 17:16:50+00:00,High
acc8d1,N9226Q,1773422210.0,32.3224,-97.683,1925.0000616,108.68903999999999,190.07,False,2026-03-13 17:16:50+00:00,Low
a49378,N394US,1773422210.0,33.2504,-97.1972,1425.0000456,5.50152,92.81,False,2026-03-13 17:16:50+00:00,Low
a3bc0b,N34MC,1773422210.0,32.1444,-96.9114,4525.0001448,143.89488,300.49,False,2026-03-13 17:16:50+00:00,Low
ac9b48,N911KE,1773422210.0,33.0228,-96.5054,2400.0000768,128.42064,289.56,False,2026-03-13 17:16:50+00:00,Low
a05b92,N122EP,1773422210.0,32.6587,-96.9574,3200.0001024,146.71367999999998,101.0,False,2026-03-13 17:16:50+00:00,Low
ac667a,N89878,1773422210.0,33.1254,-97.678,3000.0000959999998,75.17448,146.94,False,2026-03-13 17:16:50+00:00,Low
a5b59d,SWA1983,1773422210.0,32.8124,-96.8167,2150.0000688,188.19864,133.28,False,2026-03-13 17:16:50+00:00,Low
a9def3,N735PR,1773422210.0,32.7139,-97.6419,5700.0001824,113.78232,282.69,False,2026-03-13 17:16:50+00:00,Low
ad6cb1,TRF564,1773422210.0,32.7036,-96.2428,1500.0000479999999,118.83672,6.77,False,2026-03-13 17:16:50+00:00,Low
ac53f8,SWA1919,1773422210.0,32.4668,-97.0292,8950.0002864,297.1404,65.33,False,2026-03-13 17:16:50+00:00,Low
a146f1,SWA22,1773422210.0,32.8645,-96.8652,700.0000224,147.10247999999999,135.55,False,2026-03-13 17:16:50+00:00,Low
a791c0,AAL2369,1773422210.0,33.3649,-97.6102,10075.000322400001,299.62872,126.45,False,2026-03-13 17:16:50+00:00,Terminal
a91ab7,NKS1121,1773422210.0,32.936,-96.9142,9625.000307999999,256.02479999999997,0.22,False,2026-03-13 17:16:50+00:00,Low
a43357,N37VK,1773422210.0,32.1522,-97.0508,2875.0000919999998,135.38016,41.11,False,2026-03-13 17:16:50+00:00,Low
ac04d3,SWA546,1773422210.0,32.0316,-96.9758,35675.0011416,427.83552000000003,190.23,False,2026-03-13 17:16:50+00:00,High
a13501,AAL1514,1773422210.0,32.4024,-96.4694,18625.000595999998,361.37015999999994,315.56,False,2026-03-13 17:16:50+00:00,Transition
a97187,N7074V,1773422210.0,32.6443,-97.5034,3000.0000959999998,143.1756,111.73,False,2026-03-13 17:16:50+00:00,Low
a1c05d,UCA4331,1773422210.0,33.4909,-96.6879,32000.001024,455.5764,196.84,False,2026-03-13 17:16:50+00:00,High
a7eb0c,N6090F,1773422210.0,32.7138,-96.2671,400.0000128,62.0136,180.92,False,2026-03-13 17:16:50+00:00,Low
aa733b,SWA696,1773422210.0,32.6623,-96.5224,6275.000200799999,279.97488,318.91,False,2026-03-13 17:16:50+00:00,Low
a01129,N103PL,1773422210.0,32.1558,-97.1012,3900.0001248,162.81,26.25,False,2026-03-13 17:16:50+00:00,Low
a92ac4,N690AP,1773422210.0,32.696,-96.8667,825.0000264,81.00648,180.71,False,2026-03-13 17:16:50+00:00,Low
a31c16,N3QZ,1773422210.0,32.0356,-96.193,5900.0001888,132.25032,352.18,False,2026-03-13 17:16:50+00:00,Low
aa0a6e,SKW6433,1773422210.0,33.2646,-97.3137,4975.0001592,272.54879999999997,93.58,False,2026-03-13 17:16:50+00:00,Low
a06bd8,N126VA,1773422210.0,32.9571,-97.3188,1200.0000384,45.995039999999996,180.0,False,2026-03-13 17:16:50+00:00,Low
ab3dc3,UAL1350,1773422210.0,33.2261,-97.1219,4375.00014,241.52255999999997,131.81,False,2026-03-13 17:16:50+00:00,Low
a06d39,N1266U,1773422210.0,32.8322,-97.9839,3475.0001112,102.11832,284.17,False,2026-03-13 17:16:50+00:00,Low
ac6596,SWA1570,1773422210.0,32.3533,-96.0384,14450.0004624,337.8672,287.04,False,2026-03-13 17:16:50+00:00,Terminal
a5a106,N46198,1773422210.0,32.9394,-97.419,1050.0000336,56.60928,147.99,False,2026-03-13 17:16:50+00:00,Low
86831e,JAL11,1773422210.0,33.04,-97.8665,20350.0006512,394.90416,293.9,False,2026-03-13 17:16:50+00:00,Transition
a23d25,SWA3160,1773422210.0,33.2469,-96.7492,3950.0001264,259.34904,203.4,False,2026-03-13 17:16:50+00:00,Low
acb9c6,N919TC,1773422210.0,32.2839,-96.0679,4550.0001456,114.15168,348.89,False,2026-03-13 17:16:50+00:00,Low
a44983,UAL686,1773422210.0,32.2323,-97.3829,35000.00112,478.18512,133.64,False,2026-03-13 17:16:50+00:00,High
acf4c7,N934CR,1773422210.0,32.8646,-96.8652,750.0000239999999,103.24584,135.0,False,2026-03-13 17:16:50+00:00,Low
a9d6a5,N733ES,1773422210.0,33.2973,-97.3417,3550.0001136,58.68936,8.82,False,2026-03-13 17:16:50+00:00,Low
a7a9c5,JIA5037,1773422210.0,32.2721,-96.0568,24925.0007976,398.15064,271.44,False,2026-03-13 17:16:50+00:00,Transition
adb434,N982ST,1773422210.0,32.8538,-96.8645,600.0000192,78.77088,61.16,False,2026-03-13 17:16:50+00:00,Low
a9b193,N72338,1773422210.0,33.1448,-96.8727,1400.0000448,94.53672,6.07,False,2026-03-13 17:16:50+00:00,Low
aca94b,AAL1321,1773422210.0,32.7653,-97.1199,6200.0001984,264.384,260.86,False,2026-03-13 17:16:50+00:00,Low
a9d837,N733WU,1773422210.0,32.7141,-97.0467,850.0000272,63.04392,178.18,False,2026-03-13 17:16:50+00:00,Low
a9ab87,FFT1426,1773422210.0,32.9044,-97.0547,525.0000168,113.00472,180.0,False,2026-03-13 17:16:50+00:00,Low
aab5f3,N79CW,1773422210.0,32.9347,-96.6705,2425.0000775999997,164.92896,290.96,False,2026-03-13 17:16:50+00:00,Low
a28191,CXK337,1773422210.0,33.1494,-96.5653,2100.0000672,82.01736,89.3,False,2026-03-13 17:16:50+00:00,Low
acdbee,AAL2845,1773422210.0,32.8971,-97.0333,550.0000176,3.5964,56.31,False,2026-03-13 17:16:50+00:00,Low
a12215,N172RC,1773422210.0,33.2189,-97.4071,2375.000076,91.03752,358.74,False,2026-03-13 17:16:50+00:00,Low
a23b90,N243EH,1773422210.0,32.9712,-97.3305,1400.0000448,39.32712,172.69,False,2026-03-13 17:16:50+00:00,Low
a2b885,N2746C,1773422210.0,32.7787,-96.5294,1000.000032,56.4732,202.93,False,2026-03-13 17:16:50+00:00,Low
a18403,AAL2050,1773422210.0,32.9012,-97.0508,600.0000192,151.00992000000002,180.38,False,2026-03-13 17:16:50+00:00,Low
adbdf7,CAP4228,1773422210.0,33.1519,-96.406,2600.0000832,105.01488,289.47,False,2026-03-13 17:16:50+00:00,Low
adb260,N9818W,1773422210.0,33.0317,-96.2266,1900.0000608,97.33608,4.71,False,2026-03-13 17:16:50+00:00,Low
a001a9,N1SY,1773422210.0,32.7697,-96.3448,2300.0000735999997,116.11511999999999,262.08,False,2026-03-13 17:16:50+00:00,Low
a121ec,N172PM,1773422210.0,33.1991,-96.588,1100.0000352,56.045519999999996,182.05,False,2026-03-13 17:16:50+00:00,Low
a8fd3c,AAL896,1773422210.0,33.0237,-97.0256,2675.0000856,163.02384,180.7,False,2026-03-13 17:16:50+00:00,Low
ad14a3,AAL2671,1773422210.0,33.0479,-96.9209,7075.0002264,250.56215999999998,350.35,False,2026-03-13 17:16:50+00:00,Low
a90a29,N6816S,1773422210.0,33.3839,-96.5346,7475.000239200001,189.07344,101.9,False,2026-03-13 17:16:50+00:00,Low
a7f6bf,LXJ612,1773422210.0,33.2138,-97.793,43000.001376,493.67879999999997,121.92,False,2026-03-13 17:16:50+00:00,High
adb2bd,N982BT,1773422210.0,33.38,-97.352,4675.0001496,105.2676,284.3,False,2026-03-13 17:16:50+00:00,Low
a5198f,N428CF,1773422210.0,33.0438,-96.8379,775.0000248,9.992159999999998,126.87,False,2026-03-13 17:16:50+00:00,Low
a84057,N63017,1773422210.0,32.7118,-96.1248,2425.0000775999997,88.0632,268.05,False,2026-03-13 17:16:50+00:00,Low
a72078,SGE67,1773422210.0,32.9973,-97.4921,1500.0000479999999,63.51048,172.76,False,2026-03-13 17:16:50+00:00,Low
a06560,N1243S,1773422210.0,33.1937,-97.5407,2700.0000864000003,89.28792,355.5,False,2026-03-13 17:16:50+00:00,Low
ac9e2b,N912AT,1773422210.0,32.9423,-97.4336,1250.00004,62.421839999999996,144.78,False,2026-03-13 17:16:50+00:00,Low
a04b96,N118TB,1773422210.0,32.5203,-96.9081,1700.0000544,101.26296,214.95,False,2026-03-13 17:16:50+00:00,Low
a77b27,N581RS,1773422210.0,32.8645,-96.8651,725.0000232,120.21696,135.67,False,2026-03-13 17:16:50+00:00,Low
a9e8c8,N738AE,1773422210.0,33.1274,-96.3457,1500.0000479999999,129.02328,180.89,False,2026-03-13 17:16:50+00:00,Low
a72bda,JIA5406,1773422210.0,33.0662,-97.1547,5875.000188,236.91528,40.55,False,2026-03-13 17:16:50+00:00,Low
a234ef,ENY4095,1773422220.0,32.837,-97.2698,10900.0003488,320.17679999999996,345.53,False,2026-03-13 17:17:00+00:00,Terminal
a53473,N43408,1773422220.0,32.3951,-97.8644,4500.000144,87.09119999999999,235.76,False,2026-03-13 17:17:00+00:00,Low
abfac6,SWA2531,1773422220.0,33.3981,-97.0055,7075.0002264,299.12328,100.6,False,2026-03-13 17:17:00+00:00,Low
a3917e,N329TX,1773422220.0,32.854,-97.3236,1425.0000456,109.13616,207.27,False,2026-03-13 17:17:00+00:00,Low
a6a441,N527PN,1773422220.0,32.2435,-96.5422,10975.0003512,355.59648,319.91,False,2026-03-13 17:17:00+00:00,Terminal
a0802e,N131PA,1773422220.0,32.8477,-96.2292,1500.0000479999999,109.93319999999999,338.1,False,2026-03-13 17:17:00+00:00,Low
a48973,N3914Q,1773422220.0,32.0474,-96.6663,1125.000036,114.17111999999999,341.09,False,2026-03-13 17:17:00+00:00,Low
a45052,N3771L,1773422220.0,32.4786,-96.904,1200.0000384,77.6628,281.89,False,2026-03-13 17:17:00+00:00,Low
ad311d,N9491L,1773422220.0,32.3483,-97.4396,2000.000064,74.70792,242.06,False,2026-03-13 17:17:00+00:00,Low
abb58b,N8535G,1773422220.0,33.3914,-96.6908,3600.0001152,85.01111999999999,205.06,False,2026-03-13 17:17:00+00:00,Low
a9af67,CXK533,1773422220.0,32.6781,-97.0978,700.0000224,56.29824,167.69,False,2026-03-13 17:17:00+00:00,Low
a5e676,N48CD,1773422220.0,32.8782,-96.6878,1125.000036,39.832559999999994,128.88,False,2026-03-13 17:17:00+00:00,Low
aaa7b5,N786KD,1773422220.0,32.7576,-96.5302,475.0000152,76.0104,180.75,False,2026-03-13 17:17:00+00:00,Low
aaf70f,N8052A,1773422220.0,33.0978,-96.0643,1050.0000336,73.24992,231.1,False,2026-03-13 17:17:00+00:00,Low
a2ce8d,N280FW,1773422220.0,32.8376,-97.3637,850.0000272,116.11511999999999,172.08,False,2026-03-13 17:17:00+00:00,Low
a1fbe6,N227KC,1773422220.0,33.4753,-96.4871,4675.0001496,148.09392,196.48,False,2026-03-13 17:17:00+00:00,Low
a2c27e,SWA1274,1773422220.0,32.9139,-96.9046,2000.000064,133.4556,212.14,False,2026-03-13 17:17:00+00:00,Low
a3db0c,CNS33,1773422220.0,33.0231,-96.7637,2650.0000848,210.01032,323.13,False,2026-03-13 17:17:00+00:00,Low
a52e50,AAL1908,1773422220.0,32.957,-97.0543,1400.0000448,128.01239999999999,180.45,False,2026-03-13 17:17:00+00:00,Low
a3e233,N3498F,1773422220.0,32.5782,-96.7178,600.0000192,63.78264,138.81,False,2026-03-13 17:17:00+00:00,Low
a20a11,N230SA,1773422220.0,32.9619,-96.8325,1000.000032,74.64959999999999,129.02,False,2026-03-13 17:17:00+00:00,Low
ad081a,N939LH,1773422220.0,32.6453,-96.8037,1750.0000559999999,125.71848,328.33,False,2026-03-13 17:17:00+00:00,Low
a819f5,N621AA,1773422220.0,33.2018,-97.1487,2200.0000704,95.13936,50.12,False,2026-03-13 17:17:00+00:00,Low
aa9d55,N783TA,1773422220.0,33.0553,-97.2023,900.0000288,53.3628,347.01,False,2026-03-13 17:17:00+00:00,Low
a7c0c5,N599VV,1773422220.0,32.7289,-97.4249,3650.0001168,119.07,91.93,False,2026-03-13 17:17:00+00:00,Low
ac2bc6,SWA1061,1773422220.0,33.4419,-97.389,10950.0003504,338.0616,96.28,False,2026-03-13 17:17:00+00:00,Terminal
a988cc,SKW6335,1773422220.0,33.455,-96.2507,14475.000463199998,322.62624,223.24,False,2026-03-13 17:17:00+00:00,Terminal
acd0ca,AAL1393,1773422220.0,32.7913,-97.053,3675.0001176000005,256.122,181.57,False,2026-03-13 17:17:00+00:00,Low
a1c4db,N213CB,1773422220.0,32.4745,-97.1408,1900.0000608,153.53712000000002,50.82,False,2026-03-13 17:17:00+00:00,Low
a18903,N19850,1773422220.0,32.4412,-97.7106,4050.0001296,72.89999999999999,206.92,False,2026-03-13 17:17:00+00:00,Low
ab635d,SWA4623,1773422220.0,33.3579,-96.7948,4000.000128,264.63671999999997,103.77,False,2026-03-13 17:17:00+00:00,Low
ab1fa7,AAL5,1773422220.0,32.8397,-97.7345,17975.0005752,377.34984000000003,277.61,False,2026-03-13 17:17:00+00:00,Terminal
ab54ec,N8292D,1773422220.0,32.556,-97.4755,3300.0001056,74.10528,273.09,False,2026-03-13 17:17:00+00:00,Low
a7299c,N5602V,1773422220.0,33.1058,-96.0819,1000.000032,86.62464,148.7,False,2026-03-13 17:17:00+00:00,Low
aa34d0,N757HY,1773422220.0,33.3961,-97.324,3700.0001184,66.60144,138.65,False,2026-03-13 17:17:00+00:00,Low
a919b4,N686CA,1773422220.0,32.5866,-96.8838,2250.000072,124.20215999999999,356.77,False,2026-03-13 17:17:00+00:00,Low
a1559d,N1850F,1773422220.0,32.5605,-96.331,3775.0001207999994,131.00616,90.44,False,2026-03-13 17:17:00+00:00,Low
a7c85c,N600MK,1773422220.0,32.6078,-96.7802,12375.000396,248.22935999999999,172.36,False,2026-03-13 17:17:00+00:00,Terminal
ae52aa,TANDM29,1773422220.0,32.731,-96.9748,450.0000144,32.25096,277.13,False,2026-03-13 17:17:00+00:00,Low
ade53c,CNS316,1773422220.0,32.918,-97.0848,4225.0001352,227.13696,277.84,False,2026-03-13 17:17:00+00:00,Low
a1074e,N1655F,1773422220.0,33.1698,-97.7653,3400.0001088,86.02199999999999,252.41,False,2026-03-13 17:17:00+00:00,Low
ad3396,N95PC,1773422220.0,33.0533,-97.5995,22000.000704000002,225.54288,239.34,False,2026-03-13 17:17:00+00:00,Transition
a20132,N22808,1773422220.0,32.6727,-97.1113,1475.0000472,89.67672,352.95,False,2026-03-13 17:17:00+00:00,Low
a5749c,N4501E,1773422220.0,32.939,-97.578,2525.0000808,103.7124,83.35,False,2026-03-13 17:17:00+00:00,Low
a74ae4,N5691R,1773422220.0,33.3116,-96.2564,2475.0000792,73.24992,231.1,False,2026-03-13 17:17:00+00:00,Low
a14f2f,N1837S,1773422220.0,32.9357,-96.2467,41000.001312,451.1052,101.51,False,2026-03-13 17:17:00+00:00,High
a5c430,N4705Q,1773422220.0,33.3426,-97.124,3000.0000959999998,86.15808,3.33,False,2026-03-13 17:17:00+00:00,Low
adcbdc,N98843,1773422220.0,32.4755,-97.2501,1525.0000488,72.14184,133.88,False,2026-03-13 17:17:00+00:00,Low
a3a9eb,AAL1746,1773422220.0,32.841,-97.0754,35000.00112,480.34296,119.02,False,2026-03-13 17:17:00+00:00,High
a0237e,N108LZ,1773422220.0,33.0121,-96.1315,4900.0001568,140.08464,61.42,False,2026-03-13 17:17:00+00:00,Low
ac0e33,N876SC,1773422220.0,32.4284,-97.1017,3525.0001128000004,105.01488,179.45,False,2026-03-13 17:17:00+00:00,Low
a7ea3f,N609SA,1773422220.0,32.9986,-96.5259,2900.0000928,127.58471999999999,264.6,False,2026-03-13 17:17:00+00:00,Low
a02eaf,N1101A,1773422220.0,32.9551,-96.1552,18600.0005952,377.0388,69.02,False,2026-03-13 17:17:00+00:00,Transition
ac00b1,SWA2651,1773422220.0,32.9293,-96.8125,3125.0001,173.91024,303.51,False,2026-03-13 17:17:00+00:00,Low
ac6f9c,N900EM,1773422220.0,32.3582,-96.6888,40000.00128,421.49807999999996,352.64,False,2026-03-13 17:17:00+00:00,High
a25ba7,EPI251,1773422220.0,32.9627,-96.7685,1975.0000632,109.17504,86.85,False,2026-03-13 17:17:00+00:00,Low
a9dc3d,N734ZY,1773422220.0,33.2285,-97.1342,2500.00008,126.06839999999998,41.78,False,2026-03-13 17:17:00+00:00,Low
acac14,N9153W,1773422220.0,33.0728,-96.5743,3625.000116,120.08088000000001,150.02,False,2026-03-13 17:17:00+00:00,Low
a20258,UNKNOWN,1773422220.0,32.766,-97.6704,1575.0000504,83.74752,319.84,False,2026-03-13 17:17:00+00:00,Low
a6d0f0,N5383K,1773422220.0,32.4271,-97.3901,1700.0000544,78.30432,155.07,False,2026-03-13 17:17:00+00:00,Low
a46430,N382RA,1773422220.0,33.4154,-97.218,1925.0000616,85.10832,2.69,False,2026-03-13 17:17:00+00:00,Low
a52dbc,NWX432,1773422220.0,32.5956,-97.9674,4525.0001448,92.20392,310.6,False,2026-03-13 17:17:00+00:00,Low
ac1e22,N880DB,1773422220.0,32.7999,-97.1432,825.0000264,32.38704,171.12,False,2026-03-13 17:17:00+00:00,Low
a904e6,TRF688,1773422220.0,32.956,-96.1304,1900.0000608,114.5016,25.89,False,2026-03-13 17:17:00+00:00,Low
a63c08,N500XL,1773422220.0,32.6135,-97.1141,2100.0000672,178.28423999999998,346.04,False,2026-03-13 17:17:00+00:00,Low
a64310,N502TJ,1773422220.0,32.9425,-96.5532,2400.0000768,127.21535999999999,306.69,False,2026-03-13 17:17:00+00:00,Low
a9903a,SKW6355,1773422220.0,32.7722,-97.2115,8525.0002728,268.58304,277.92,False,2026-03-13 17:17:00+00:00,Low
a5bb0b,N469AA,1773422220.0,33.2569,-97.4374,2975.0000952,131.06448,88.25,False,2026-03-13 17:17:00+00:00,Low
a4c7a3,N407LG,1773422220.0,32.8524,-97.7428,1775.0000568,121.15008,272.84,False,2026-03-13 17:17:00+00:00,Low
a11908,N17YP,1773422220.0,32.5283,-97.812,4425.0001416,138.35448,248.81,False,2026-03-13 17:17:00+00:00,Low
ab9af3,AAL9602,1773422220.0,32.3687,-97.9864,23250.000744,461.46671999999995,87.52,False,2026-03-13 17:17:00+00:00,Transition
a56acc,NWX448,1773422220.0,32.9889,-97.8637,5950.0001904,116.73719999999999,6.39,False,2026-03-13 17:17:00+00:00,Low
a49a5b,N396PC,1773422220.0,32.4855,-96.8444,1675.0000536,111.02184,91.03,False,2026-03-13 17:17:00+00:00,Low
a4ea9d,N416CA,1773422220.0,32.6641,-96.8481,1650.0000528,113.0436,1.52,False,2026-03-13 17:17:00+00:00,Low
a621f8,N49447,1773422220.0,32.6114,-97.8776,3500.0001119999997,84.38904,319.33,False,2026-03-13 17:17:00+00:00,Low
acf261,N933SC,1773422220.0,32.6995,-97.0267,1425.0000456,109.17504,3.15,False,2026-03-13 17:17:00+00:00,Low
a20fa3,CXK619,1773422220.0,33.3377,-96.0587,4450.000142399999,96.46127999999999,250.63,False,2026-03-13 17:17:00+00:00,Low
a37313,N321LT,1773422220.0,32.9355,-97.2326,3450.0001104,168.4476,94.09,False,2026-03-13 17:17:00+00:00,Low
a4e1d5,N4131W,1773422220.0,33.1744,-96.544,5425.0001735999995,156.02544,53.86,False,2026-03-13 17:17:00+00:00,Low
ab4732,AAL127,1773422220.0,32.8653,-97.5613,13000.000416,382.05432,289.1,False,2026-03-13 17:17:00+00:00,Terminal
abe501,SWA2471,1773422220.0,32.1302,-96.6644,36000.001152,430.14888,210.92,False,2026-03-13 17:17:00+00:00,High
acc8d1,N9226Q,1773422220.0,32.3171,-97.6844,2125.0000680000003,109.11672,197.6,False,2026-03-13 17:17:00+00:00,Low
a49378,N394US,1773422220.0,33.2504,-97.1972,1425.0000456,6.006959999999999,73.12,False,2026-03-13 17:17:00+00:00,Low
a3bc0b,N34MC,1773422220.0,32.1478,-96.9185,4450.000142399999,147.66624,298.3,False,2026-03-13 17:17:00+00:00,Low
ac9b48,N911KE,1773422220.0,33.0247,-96.5119,2400.0000768,129.04271999999997,289.0,False,2026-03-13 17:17:00+00:00,Low
a05b92,N122EP,1773422220.0,32.6575,-96.9495,3375.000108,146.71367999999998,101.0,False,2026-03-13 17:17:00+00:00,Low
ac667a,N89878,1773422220.0,33.1254,-97.678,3000.0000959999998,89.75448,104.19,False,2026-03-13 17:17:00+00:00,Low
a5b59d,SWA1983,1773422220.0,32.8065,-96.8092,2450.0000784,200.27087999999998,132.77,False,2026-03-13 17:17:00+00:00,Low
a9def3,N735PR,1773422220.0,32.7148,-97.6485,5750.0001839999995,107.23104,266.26,False,2026-03-13 17:17:00+00:00,Low
ad6cb1,TRF564,1773422220.0,32.7089,-96.2422,1525.0000488,117.28152,3.91,False,2026-03-13 17:17:00+00:00,Low
ac53f8,SWA1919,1773422220.0,32.4727,-97.0142,8875.000284,294.90479999999997,65.35,False,2026-03-13 17:17:00+00:00,Low
a146f1,SWA22,1773422220.0,32.8645,-96.8652,700.0000224,147.10247999999999,135.55,False,2026-03-13 17:17:00+00:00,Low
a791c0,AAL2369,1773422220.0,33.3564,-97.5964,9875.000316,296.24616,126.21,False,2026-03-13 17:17:00+00:00,Low
a91ab7,NKS1121,1773422220.0,32.9513,-96.9142,9325.0002984,256.02479999999997,0.45,False,2026-03-13 17:17:00+00:00,Low
a43357,N37VK,1773422220.0,32.1569,-97.0459,2900.0000928,135.96336,42.02,False,2026-03-13 17:17:00+00:00,Low
ac04d3,SWA546,1773422220.0,32.013,-96.9797,35375.001132,427.03848,190.39,False,2026-03-13 17:17:00+00:00,High
a13501,AAL1514,1773422220.0,32.4138,-96.4825,18300.0005856,358.55136,315.57,False,2026-03-13 17:17:00+00:00,Transition
a97187,N7074V,1773422220.0,32.6422,-97.4961,3000.0000959999998,141.69816,107.67,False,2026-03-13 17:17:00+00:00,Low
a1c05d,UCA4331,1773422220.0,33.4707,-96.6952,32000.001024,455.868,196.96,False,2026-03-13 17:17:00+00:00,High
a7eb0c,N6090F,1773422220.0,32.7138,-96.2671,400.0000128,62.0136,180.92,False,2026-03-13 17:17:00+00:00,Low
aa733b,SWA696,1773422220.0,32.6721,-96.5325,6100.0001952,278.5752,318.93,False,2026-03-13 17:17:00+00:00,Low
a01129,N103PL,1773422220.0,32.1627,-97.0973,3825.0001224,161.97408,24.82,False,2026-03-13 17:17:00+00:00,Low
a92ac4,N690AP,1773422220.0,32.6919,-96.8667,750.0000239999999,79.00416,180.0,False,2026-03-13 17:17:00+00:00,Low
a31c16,N3QZ,1773422220.0,32.0419,-96.194,5900.0001888,131.25887999999998,352.12,False,2026-03-13 17:17:00+00:00,Low
aa0a6e,SKW6433,1773422220.0,33.2638,-97.2962,4950.0001584,263.56752,93.7,False,2026-03-13 17:17:00+00:00,Low
a06bd8,N126VA,1773422220.0,32.9571,-97.3188,1200.0000384,45.995039999999996,180.0,False,2026-03-13 17:17:00+00:00,Low
ab3dc3,UAL1350,1773422220.0,33.2189,-97.1123,4225.0001352,238.54824,132.45,False,2026-03-13 17:17:00+00:00,Low
a06d39,N1266U,1773422220.0,32.8322,-97.9839,3475.0001112,102.39048,282.41,False,2026-03-13 17:17:00+00:00,Low
ac6596,SWA1570,1773422220.0,32.358,-96.0565,14100.000451200001,336.60360000000003,286.93,False,2026-03-13 17:17:00+00:00,Terminal
a5a106,N46198,1773422220.0,32.9394,-97.419,1050.0000336,56.60928,147.99,False,2026-03-13 17:17:00+00:00,Low
86831e,JAL11,1773422220.0,33.0479,-97.8876,20650.0006608,397.13975999999997,293.92,False,2026-03-13 17:17:00+00:00,Transition
a23d25,SWA3160,1773422220.0,33.2356,-96.755,3925.0001255999996,259.48512,202.91,False,2026-03-13 17:17:00+00:00,Low
acb9c6,N919TC,1773422220.0,32.2885,-96.0689,4550.0001456,114.15168,348.89,False,2026-03-13 17:17:00+00:00,Low
a44983,UAL686,1773422220.0,32.2171,-97.3641,35000.00112,478.18512,133.64,False,2026-03-13 17:17:00+00:00,High
acf4c7,N934CR,1773422220.0,32.8646,-96.8652,750.0000239999999,103.24584,135.0,False,2026-03-13 17:17:00+00:00,Low
a9d6a5,N733ES,1773422220.0,33.299,-97.3413,3575.0001144000003,55.734480000000005,9.29,False,2026-03-13 17:17:00+00:00,Low
a7a9c5,JIA5037,1773422220.0,32.2726,-96.0787,24575.0007864,399.16152,271.44,False,2026-03-13 17:17:00+00:00,Transition
adb434,N982ST,1773422220.0,32.8538,-96.8645,600.0000192,78.77088,61.16,False,2026-03-13 17:17:00+00:00,Low
a9b193,N72338,1773422220.0,33.1491,-96.8721,1500.0000479999999,94.53672,6.07,False,2026-03-13 17:17:00+00:00,Low
aca94b,AAL1321,1773422220.0,32.7633,-97.1344,6700.0002144,264.07296,261.29,False,2026-03-13 17:17:00+00:00,Low
a9d837,N733WU,1773422220.0,32.7141,-97.0467,850.0000272,63.04392,178.18,False,2026-03-13 17:17:00+00:00,Low
aab5f3,N79CW,1773422220.0,32.9376,-96.6792,2450.0000784,163.43207999999998,291.54,False,2026-03-13 17:17:00+00:00,Low
a28191,CXK337,1773422220.0,33.1492,-96.5609,2200.0000704,79.31519999999999,95.06,False,2026-03-13 17:17:00+00:00,Low
acdbee,AAL2845,1773422220.0,32.8971,-97.0333,550.0000176,3.5964,56.31,False,2026-03-13 17:17:00+00:00,Low
a12215,N172RC,1773422220.0,33.2189,-97.4071,2375.000076,88.33536,329.37,False,2026-03-13 17:17:00+00:00,Low
a23b90,N243EH,1773422220.0,32.9712,-97.3305,1400.0000448,33.534,169.7,False,2026-03-13 17:17:00+00:00,Low
a2b885,N2746C,1773422220.0,32.7762,-96.5297,1000.000032,57.01752,178.99,False,2026-03-13 17:17:00+00:00,Low
a18403,AAL2050,1773422220.0,32.8881,-97.0509,900.0000288,174.00744,180.33,False,2026-03-13 17:17:00+00:00,Low
adbdf7,CAP4228,1773422220.0,33.1536,-96.4113,2600.0000832,102.52656,290.56,False,2026-03-13 17:17:00+00:00,Low
adb260,N9818W,1773422220.0,33.0357,-96.2262,1900.0000608,101.71008,6.78,False,2026-03-13 17:17:00+00:00,Low
a001a9,N1SY,1773422220.0,32.7682,-96.351,2200.0000704,118.93392,250.35,False,2026-03-13 17:17:00+00:00,Low
a121ec,N172PM,1773422220.0,33.1991,-96.588,1100.0000352,56.045519999999996,182.05,False,2026-03-13 17:17:00+00:00,Low
a8fd3c,AAL896,1773422220.0,33.0162,-97.0256,2475.0000792,159.01919999999998,180.0,False,2026-03-13 17:17:00+00:00,Low
ad14a3,AAL2671,1773422220.0,33.0596,-96.9233,6725.000215200001,249.92064,349.86,False,2026-03-13 17:17:00+00:00,Low
a90a29,N6816S,1773422220.0,33.3821,-96.5248,7475.000239200001,188.10144,101.97,False,2026-03-13 17:17:00+00:00,Low
a7f6bf,LXJ612,1773422220.0,33.2021,-97.7707,43000.001376,493.67879999999997,121.92,False,2026-03-13 17:17:00+00:00,High
adb2bd,N982BT,1773422220.0,33.3812,-97.358,4650.0001488,109.66103999999999,282.64,False,2026-03-13 17:17:00+00:00,Low
a5198f,N428CF,1773422220.0,33.0438,-96.8379,775.0000248,9.992159999999998,126.87,False,2026-03-13 17:17:00+00:00,Low
a84057,N63017,1773422220.0,32.7117,-96.1298,2400.0000768,89.01576,269.36,False,2026-03-13 17:17:00+00:00,Low
a72078,SGE67,1773422220.0,32.9973,-97.4921,1500.0000479999999,63.51048,172.76,False,2026-03-13 17:17:00+00:00,Low
a06560,N1243S,1773422220.0,33.1937,-97.5407,2700.0000864000003,88.0632,358.05,False,2026-03-13 17:17:00+00:00,Low
ac9e2b,N912AT,1773422220.0,32.9423,-97.4336,1250.00004,60.53616,149.2,False,2026-03-13 17:17:00+00:00,Low
a04b96,N118TB,1773422220.0,32.5161,-96.9116,1700.0000544,101.26296,214.95,False,2026-03-13 17:17:00+00:00,Low
a77b27,N581RS,1773422220.0,32.8645,-96.8651,725.0000232,120.21696,135.67,False,2026-03-13 17:17:00+00:00,Low
a9e8c8,N738AE,1773422220.0,33.121,-96.3459,1500.0000479999999,130.11192,182.2,False,2026-03-13 17:17:00+00:00,Low
a72bda,JIA5406,1773422220.0,33.0733,-97.1441,5575.0001784,235.71,63.0,False,2026-03-13 17:17:00+00:00,Low
a234ef,ENY4095,1773422256.0,32.8941,-97.2731,11600.0003712,358.12368,1.28,False,2026-03-13 17:17:36+00:00,Terminal
a53473,N43408,1773422256.0,32.3875,-97.8799,4500.000144,94.82832,242.35,False,2026-03-13 17:17:36+00:00,Low
abfac6,SWA2531,1773422256.0,33.3894,-96.95,6250.0002,291.87215999999995,100.46,False,2026-03-13 17:17:36+00:00,Low
a3917e,N329TX,1773422256.0,32.8432,-97.3306,1400.0000448,112.61592,213.41,False,2026-03-13 17:17:36+00:00,Low
a6a441,N527PN,1773422256.0,32.2865,-96.5914,9850.0003152,353.04984,307.52,False,2026-03-13 17:17:36+00:00,Low
a0802e,N131PA,1773422256.0,32.8478,-96.242,1350.0000432000002,91.01808,179.37,False,2026-03-13 17:17:36+00:00,Low
a48973,N3914Q,1773422256.0,32.066,-96.6732,1125.000036,117.49535999999999,348.21,False,2026-03-13 17:17:36+00:00,Low
a45052,N3771L,1773422256.0,32.4724,-96.9112,800.0000256,59.03928,190.74,False,2026-03-13 17:17:36+00:00,Low
ad311d,N9491L,1773422256.0,32.3508,-97.4528,1800.0000576,102.00168,331.93,False,2026-03-13 17:17:36+00:00,Low
abb58b,N8535G,1773422256.0,33.3786,-96.6982,3600.0001152,85.4388,207.16,False,2026-03-13 17:17:36+00:00,Low
a9af67,CXK533,1773422256.0,32.6781,-97.0978,700.0000224,56.29824,167.69,False,2026-03-13 17:17:36+00:00,Low
a5e676,N48CD,1773422256.0,32.8733,-96.6817,1100.0000352,46.869839999999996,129.81,False,2026-03-13 17:17:36+00:00,Low
aaa7b5,N786KD,1773422256.0,32.7576,-96.5302,475.0000152,76.0104,180.75,False,2026-03-13 17:17:36+00:00,Low
aaf70f,N8052A,1773422256.0,33.0978,-96.0643,1050.0000336,73.24992,231.1,False,2026-03-13 17:17:36+00:00,Low
a2ce8d,N280FW,1773422256.0,32.8376,-97.3637,850.0000272,116.11511999999999,172.08,False,2026-03-13 17:17:36+00:00,Low
a1fbe6,N227KC,1773422256.0,33.4518,-96.4953,4400.0001408,149.04648,196.37,False,2026-03-13 17:17:36+00:00,Low
a2c27e,SWA1274,1773422256.0,32.8941,-96.8992,1525.0000488,135.7884,135.6,False,2026-03-13 17:17:36+00:00,Low
a3db0c,CNS33,1773422256.0,33.0504,-96.7886,2050.0000656,207.26928,321.86,False,2026-03-13 17:17:36+00:00,Low
a52e50,AAL1908,1773422256.0,32.9358,-97.0545,975.0000312,128.03184,180.9,False,2026-03-13 17:17:36+00:00,Low
a3e233,N3498F,1773422256.0,32.5694,-96.7102,800.0000256,62.208,143.5,False,2026-03-13 17:17:36+00:00,Low
a20a11,N230SA,1773422256.0,32.9616,-96.8168,1425.0000456,81.22032,85.76,False,2026-03-13 17:17:36+00:00,Low
ad081a,N939LH,1773422256.0,32.6621,-96.8167,1600.0000512,113.87952,329.38,False,2026-03-13 17:17:36+00:00,Low
a819f5,N621AA,1773422256.0,33.2122,-97.1334,2525.0000808,96.40296000000001,53.01,False,2026-03-13 17:17:36+00:00,Low
aa9d55,N783TA,1773422256.0,33.0553,-97.2023,900.0000288,64.01592,269.1,False,2026-03-13 17:17:36+00:00,Low
a7c0c5,N599VV,1773422256.0,32.7282,-97.4014,3625.000116,116.07624,91.97,False,2026-03-13 17:17:36+00:00,Low
ac2bc6,SWA1061,1773422256.0,33.4354,-97.3195,10950.0003504,354.17735999999996,96.32,False,2026-03-13 17:17:36+00:00,Terminal
a988cc,SKW6335,1773422256.0,33.4178,-96.2976,13600.0004352,320.91552,228.41,False,2026-03-13 17:17:36+00:00,Terminal
acd0ca,AAL1393,1773422256.0,32.7493,-97.0537,5650.0001808,247.02407999999997,180.46,False,2026-03-13 17:17:36+00:00,Low
a1c4db,N213CB,1773422256.0,32.491,-97.1182,1900.0000608,147.53016,49.4,False,2026-03-13 17:17:36+00:00,Low
a18903,N19850,1773422256.0,32.4318,-97.7195,4100.0001312,78.16824,253.65,False,2026-03-13 17:17:36+00:00,Low
ab635d,SWA4623,1773422256.0,33.3422,-96.7461,3950.0001264,268.77743999999996,136.21,False,2026-03-13 17:17:36+00:00,Low
ab1fa7,AAL5,1773422256.0,32.8483,-97.8102,19050.0006096,383.29848,277.5,False,2026-03-13 17:17:36+00:00,Transition
ab54ec,N8292D,1773422256.0,32.5561,-97.4903,3300.0001056,75.0384,268.47,False,2026-03-13 17:17:36+00:00,Low
a7299c,N5602V,1773422256.0,33.0923,-96.0753,900.0000288,86.62464,148.7,False,2026-03-13 17:17:36+00:00,Low
aa34d0,N757HY,1773422256.0,33.3874,-97.3112,4100.0001312,63.82151999999999,122.2,False,2026-03-13 17:17:36+00:00,Low
a919b4,N686CA,1773422256.0,32.6073,-96.8857,2125.0000680000003,124.49376000000001,5.07,False,2026-03-13 17:17:36+00:00,Low
a51e3b,N429NA,1773422256.0,32.7946,-97.1643,875.0000279999999,75.01896,180.76,False,2026-03-13 17:17:36+00:00,Low
a1559d,N1850F,1773422256.0,32.5604,-96.3055,4200.0001344,130.48128,94.84,False,2026-03-13 17:17:36+00:00,Low
a7c85c,N600MK,1773422256.0,32.5685,-96.774,11725.000375200001,236.05992,172.45,False,2026-03-13 17:17:36+00:00,Terminal
ae52aa,TANDM29,1773422256.0,32.731,-96.9748,450.0000144,32.25096,277.13,False,2026-03-13 17:17:36+00:00,Low
ade53c,CNS316,1773422256.0,32.9227,-97.1271,4925.0001576,210.88512,277.63,False,2026-03-13 17:17:36+00:00,Low
a1074e,N1655F,1773422256.0,33.1642,-97.7845,3400.0001088,85.4388,244.33,False,2026-03-13 17:17:36+00:00,Low
ad3396,N95PC,1773422256.0,33.0342,-97.6373,22000.000704000002,225.19296,238.99,False,2026-03-13 17:17:36+00:00,Transition
a20132,N22808,1773422256.0,32.68,-97.1016,1050.0000336,76.22424,109.15,False,2026-03-13 17:17:36+00:00,Low
a5749c,N4501E,1773422256.0,32.939,-97.578,2525.0000808,105.09264,87.82,False,2026-03-13 17:17:36+00:00,Low
a74ae4,N5691R,1773422256.0,33.3059,-96.2691,2475.0000792,70.2756,245.62,False,2026-03-13 17:17:36+00:00,Low
a14f2f,N1837S,1773422256.0,32.9208,-96.1596,41000.001312,451.1052,101.51,False,2026-03-13 17:17:36+00:00,High
a5c430,N4705Q,1773422256.0,33.3568,-97.1224,2900.0000928,82.15343999999999,3.49,False,2026-03-13 17:17:36+00:00,Low
adcbdc,N98843,1773422256.0,32.4812,-97.2486,1525.0000488,91.21248,266.23,False,2026-03-13 17:17:36+00:00,Low
a3a9eb,AAL1746,1773422256.0,32.802,-96.9922,35000.00112,480.82896,119.12,False,2026-03-13 17:17:36+00:00,High
a0237e,N108LZ,1773422256.0,33.0233,-96.1072,4900.0001568,140.08464,61.42,False,2026-03-13 17:17:36+00:00,Low
ac0e33,N876SC,1773422256.0,32.4107,-97.1023,3475.0001112,106.2396,183.78,False,2026-03-13 17:17:36+00:00,Low
a7ea3f,N609SA,1773422256.0,32.9964,-96.5509,2900.0000928,126.20448,266.82,False,2026-03-13 17:17:36+00:00,Low
a02eaf,N1101A,1773422256.0,32.9779,-96.0846,20300.0006496,387.80856,68.99,False,2026-03-13 17:17:36+00:00,Transition
ac00b1,SWA2651,1773422256.0,32.9372,-96.844,2775.0000888,167.04792,271.03,False,2026-03-13 17:17:36+00:00,Low
ac6f9c,N900EM,1773422256.0,32.4284,-96.6994,40000.00128,422.37288,352.79,False,2026-03-13 17:17:36+00:00,High
a25ba7,EPI251,1773422256.0,32.9635,-96.747,1975.0000632,103.24584,86.11,False,2026-03-13 17:17:36+00:00,Low
a9dc3d,N734ZY,1773422256.0,33.2471,-97.1245,2475.0000792,124.06608,1.85,False,2026-03-13 17:17:36+00:00,Low
acac14,N9153W,1773422256.0,33.0564,-96.5634,4225.0001352,111.43008,151.59,False,2026-03-13 17:17:36+00:00,Low
a20258,UNKNOWN,1773422256.0,32.766,-97.6704,1575.0000504,83.74752,319.84,False,2026-03-13 17:17:36+00:00,Low
a6d0f0,N5383K,1773422256.0,32.4244,-97.407,1700.0000544,94.34232,265.14,False,2026-03-13 17:17:36+00:00,Low
a46430,N382RA,1773422256.0,33.4268,-97.2173,1975.0000632,93.0204,358.77,False,2026-03-13 17:17:36+00:00,Low
a52dbc,NWX432,1773422256.0,32.603,-97.9832,4150.0001328,100.0188,258.47,False,2026-03-13 17:17:36+00:00,Low
ab9b9d,UAL539,1773422256.0,32.889,-97.03,800.0000256,163.00439999999998,180.0,False,2026-03-13 17:17:36+00:00,Low
a904e6,TRF688,1773422256.0,32.9742,-96.1197,1900.0000608,122.99688,26.57,False,2026-03-13 17:17:36+00:00,Low
a63c08,N500XL,1773422256.0,32.6393,-97.1256,1800.0000576,149.18256,336.7,False,2026-03-13 17:17:36+00:00,Low
a64310,N502TJ,1773422256.0,32.9552,-96.5734,2300.0000735999997,126.22392,307.6,False,2026-03-13 17:17:36+00:00,Low
a9903a,SKW6355,1773422256.0,32.7979,-97.2561,10000.00032,292.41648,325.17,False,2026-03-13 17:17:36+00:00,Terminal
a5bb0b,N469AA,1773422256.0,33.257,-97.4128,3050.0000976,135.108,87.88,False,2026-03-13 17:17:36+00:00,Low
a4c7a3,N407LG,1773422256.0,32.8524,-97.7428,1775.0000568,121.15008,272.84,False,2026-03-13 17:17:36+00:00,Low
a81b3a,N621PA,1773422256.0,33.2041,-97.167,2500.00008,95.78088000000001,28.71,False,2026-03-13 17:17:36+00:00,Low
a11908,N17YP,1773422256.0,32.5146,-97.8326,4500.000144,136.52712,226.48,False,2026-03-13 17:17:36+00:00,Low
ab9af3,AAL9602,1773422256.0,32.3719,-97.8977,21925.000701599998,454.46832,87.48,False,2026-03-13 17:17:36+00:00,Transition
a56acc,NWX448,1773422256.0,32.9928,-97.8516,6000.0001919999995,100.91304,160.31,False,2026-03-13 17:17:36+00:00,Low
a49a5b,N396PC,1773422256.0,32.4948,-96.8467,1050.0000336,74.10528,238.24,False,2026-03-13 17:17:36+00:00,Low
a46665,NWX382,1773422256.0,32.9694,-97.3187,1325.0000424,85.3416,280.12,False,2026-03-13 17:17:36+00:00,Low
a4ea9d,N416CA,1773422256.0,32.6827,-96.8473,1625.000052,107.01719999999999,0.0,False,2026-03-13 17:17:36+00:00,Low
a621f8,N49447,1773422256.0,32.6213,-97.8887,3600.0001152,82.89216,318.42,False,2026-03-13 17:17:36+00:00,Low
acf261,N933SC,1773422256.0,32.7165,-97.0265,1325.0000424,104.17896,338.61,False,2026-03-13 17:17:36+00:00,Low
a20fa3,CXK619,1773422256.0,33.3325,-96.0764,4450.000142399999,94.59504,250.22,False,2026-03-13 17:17:36+00:00,Low
a37313,N321LT,1773422256.0,32.9336,-97.1998,3450.0001104,166.44528,94.13,False,2026-03-13 17:17:36+00:00,Low
a4e1d5,N4131W,1773422256.0,33.1894,-96.5193,5425.0001735999995,155.44223999999997,54.16,False,2026-03-13 17:17:36+00:00,Low
ab4732,AAL127,1773422256.0,32.8858,-97.6334,14425.000461599999,379.81872,288.58,False,2026-03-13 17:17:36+00:00,Terminal
abe501,SWA2471,1773422256.0,32.0684,-96.7079,36000.001152,432.38447999999994,210.9,False,2026-03-13 17:17:36+00:00,High
acc8d1,N9226Q,1773422256.0,32.3006,-97.6929,2900.0000928,101.53511999999999,206.31,False,2026-03-13 17:17:36+00:00,Low
a3bc0b,N34MC,1773422256.0,32.1582,-96.9433,4425.0001416,147.60792,295.7,False,2026-03-13 17:17:36+00:00,Low
ac9b48,N911KE,1773422256.0,33.0317,-96.5365,2400.0000768,130.92839999999998,288.71,False,2026-03-13 17:17:36+00:00,Low
a05b92,N122EP,1773422256.0,32.6517,-96.9181,3450.0001104,176.37912,102.78,False,2026-03-13 17:17:36+00:00,Low
ac667a,N89878,1773422256.0,33.1254,-97.678,3000.0000959999998,102.60432,100.11,False,2026-03-13 17:17:36+00:00,Low
a5b59d,SWA1983,1773422256.0,32.7753,-96.7901,3625.000116,228.73103999999998,175.49,False,2026-03-13 17:17:36+00:00,Low
a9def3,N735PR,1773422256.0,32.7019,-97.6579,5850.000187199999,107.3088,184.28,False,2026-03-13 17:17:36+00:00,Low
ad6cb1,TRF564,1773422256.0,32.7271,-96.2412,1275.0000408,103.38192,347.71,False,2026-03-13 17:17:36+00:00,Low
ac53f8,SWA1919,1773422256.0,32.4929,-96.9622,8050.0002576,291.26952,65.02,False,2026-03-13 17:17:36+00:00,Low
a146f1,SWA22,1773422256.0,32.8645,-96.8652,700.0000224,147.10247999999999,135.55,False,2026-03-13 17:17:36+00:00,Low
a791c0,AAL2369,1773422256.0,33.3276,-97.5485,8950.0002864,296.88768,120.8,False,2026-03-13 17:17:36+00:00,Low
a91ab7,NKS1121,1773422256.0,32.9942,-96.9139,8350.0002672,254.02247999999997,0.23,False,2026-03-13 17:17:36+00:00,Low
a43357,N37VK,1773422256.0,32.1743,-97.0274,2950.0000944,137.36303999999998,42.05,False,2026-03-13 17:17:36+00:00,Low
a13501,AAL1514,1773422256.0,32.4565,-96.5315,17300.0005536,347.25672,315.82,False,2026-03-13 17:17:36+00:00,Terminal
a97187,N7074V,1773422256.0,32.6401,-97.468,2900.0000928,145.02239999999998,89.21,False,2026-03-13 17:17:36+00:00,Low
a1c05d,UCA4331,1773422256.0,33.3986,-96.7214,32000.001024,454.62384000000003,196.88,False,2026-03-13 17:17:36+00:00,High
a7eb0c,N6090F,1773422256.0,32.7138,-96.2671,400.0000128,62.0136,180.92,False,2026-03-13 17:17:36+00:00,Low
aa733b,SWA696,1773422256.0,32.7071,-96.5688,5475.0001752,276.32016,318.52,False,2026-03-13 17:17:36+00:00,Low
a01129,N103PL,1773422256.0,32.187,-97.0839,3525.0001128000004,161.91576,27.2,False,2026-03-13 17:17:36+00:00,Low
a92ac4,N690AP,1773422256.0,32.6896,-96.8668,675.0000216000001,74.99951999999999,180.0,False,2026-03-13 17:17:36+00:00,Low
a31c16,N3QZ,1773422256.0,32.0633,-96.1976,5900.0001888,131.25887999999998,352.12,False,2026-03-13 17:17:36+00:00,Low
aa0a6e,SKW6433,1773422256.0,33.2611,-97.2459,4950.0001584,253.45871999999997,93.39,False,2026-03-13 17:17:36+00:00,Low
a06bd8,N126VA,1773422256.0,32.9571,-97.3188,1200.0000384,45.995039999999996,180.0,False,2026-03-13 17:17:36+00:00,Low
ab3dc3,UAL1350,1773422256.0,33.1853,-97.087,3175.0001016,249.14303999999998,152.51,False,2026-03-13 17:17:36+00:00,Low
ac6596,SWA1570,1773422256.0,32.3743,-96.1196,12850.000411199999,331.52975999999995,287.01,False,2026-03-13 17:17:36+00:00,Terminal
a5a106,N46198,1773422256.0,32.9394,-97.419,1050.0000336,56.60928,147.99,False,2026-03-13 17:17:36+00:00,Low
86831e,JAL11,1773422256.0,33.075,-97.9604,21625.000692,403.82712,293.96,False,2026-03-13 17:17:36+00:00,Transition
a23d25,SWA3160,1773422256.0,33.1962,-96.7745,3925.0001255999996,255.55824,202.55,False,2026-03-13 17:17:36+00:00,Low
acb9c6,N919TC,1773422256.0,32.3075,-96.0733,4550.0001456,111.99383999999999,349.19,False,2026-03-13 17:17:36+00:00,Low
a44983,UAL686,1773422256.0,32.1622,-97.2964,35000.00112,477.4464,133.73,False,2026-03-13 17:17:36+00:00,High
acf4c7,N934CR,1773422256.0,32.8646,-96.8652,750.0000239999999,103.24584,135.0,False,2026-03-13 17:17:36+00:00,Low
a9d6a5,N733ES,1773422256.0,33.3093,-97.3396,3625.000116,60.53616,7.59,False,2026-03-13 17:17:36+00:00,Low
a7a9c5,JIA5037,1773422256.0,32.2741,-96.1562,23250.000744,395.15688,271.45,False,2026-03-13 17:17:36+00:00,Transition
adb434,N982ST,1773422256.0,32.8538,-96.8645,600.0000192,78.77088,61.16,False,2026-03-13 17:17:36+00:00,Low
a9b193,N72338,1773422256.0,33.1646,-96.8691,1500.0000479999999,93.56472000000001,10.47,False,2026-03-13 17:17:36+00:00,Low
aca94b,AAL1321,1773422256.0,32.7567,-97.1859,8350.0002672,266.5224,260.71,False,2026-03-13 17:17:36+00:00,Low
a9d837,N733WU,1773422256.0,32.6889,-97.0472,1000.000032,74.10528,183.09,False,2026-03-13 17:17:36+00:00,Low
aab5f3,N79CW,1773422256.0,32.9457,-96.7096,2400.0000768,162.07128,282.84,False,2026-03-13 17:17:36+00:00,Low
a28191,CXK337,1773422256.0,33.1473,-96.545,2500.00008,90.66816,96.97,False,2026-03-13 17:17:36+00:00,Low
acdbee,AAL2845,1773422256.0,32.8989,-97.0325,550.0000176,9.992159999999998,90.0,False,2026-03-13 17:17:36+00:00,Low
a12215,N172RC,1773422256.0,33.2189,-97.4071,2375.000076,69.45912,276.61,False,2026-03-13 17:17:36+00:00,Low
a23b90,N243EH,1773422256.0,32.9712,-97.3305,1400.0000448,33.534,169.7,False,2026-03-13 17:17:36+00:00,Low
a2b885,N2746C,1773422256.0,32.7675,-96.53,800.0000256,47.005919999999996,181.22,False,2026-03-13 17:17:36+00:00,Low
a18403,AAL2050,1773422256.0,32.8577,-97.0508,2200.0000704,179.02296,180.64,False,2026-03-13 17:17:36+00:00,Low
adbdf7,CAP4228,1773422256.0,33.1593,-96.4294,2200.0000704,94.92551999999999,290.34,False,2026-03-13 17:17:36+00:00,Low
adb260,N9818W,1773422256.0,33.052,-96.2247,2300.0000735999997,102.06,1.68,False,2026-03-13 17:17:36+00:00,Low
a001a9,N1SY,1773422256.0,32.7635,-96.3738,2000.000064,124.92144,263.1,False,2026-03-13 17:17:36+00:00,Low
a121ec,N172PM,1773422256.0,33.1991,-96.588,1100.0000352,65.27951999999999,185.27,False,2026-03-13 17:17:36+00:00,Low
a8fd3c,AAL896,1773422256.0,32.9922,-97.0257,1975.0000632,133.00848,180.43,False,2026-03-13 17:17:36+00:00,Low
ad14a3,AAL2671,1773422256.0,33.0992,-96.932,5725.0001832,240.27839999999998,349.2,False,2026-03-13 17:17:36+00:00,Low
a90a29,N6816S,1773422256.0,33.3756,-96.488,7475.000239200001,187.90704,101.67,False,2026-03-13 17:17:36+00:00,Low
a7f6bf,LXJ612,1773422256.0,33.1583,-97.6872,43000.001376,492.82343999999995,121.98,False,2026-03-13 17:17:36+00:00,High
adb2bd,N982BT,1773422256.0,33.3773,-97.3683,4675.0001496,100.13543999999999,124.01,False,2026-03-13 17:17:36+00:00,Low
a5198f,N428CF,1773422256.0,33.0438,-96.8379,775.0000248,9.992159999999998,126.87,False,2026-03-13 17:17:36+00:00,Low
a84057,N63017,1773422256.0,32.7113,-96.1471,2400.0000768,88.14096,266.75,False,2026-03-13 17:17:36+00:00,Low
a72078,SGE67,1773422256.0,32.9973,-97.4921,1500.0000479999999,63.51048,172.76,False,2026-03-13 17:17:36+00:00,Low
a06560,N1243S,1773422256.0,33.1937,-97.5407,2700.0000864000003,89.19072,342.38,False,2026-03-13 17:17:36+00:00,Low
ac9e2b,N912AT,1773422256.0,32.9423,-97.4336,1250.00004,62.421839999999996,144.78,False,2026-03-13 17:17:36+00:00,Low
a04b96,N118TB,1773422256.0,32.5043,-96.9252,1700.0000544,108.33912,246.04,False,2026-03-13 17:17:36+00:00,Low
a9e8c8,N738AE,1773422256.0,33.0997,-96.348,1600.0000512,130.18967999999998,183.08,False,2026-03-13 17:17:36+00:00,Low
a72bda,JIA5406,1773422256.0,33.0818,-97.1008,4475.0001432,217.12536,78.85,False,2026-03-13 17:17:36+00:00,Low
a234ef,ENY4095,1773422266.0,32.9106,-97.2727,11950.0003824,360.126,1.27,False,2026-03-13 17:17:46+00:00,Terminal
a53473,N43408,1773422266.0,32.3854,-97.884,4500.000144,91.27080000000001,237.53,False,2026-03-13 17:17:46+00:00,Low
abfac6,SWA2531,1773422266.0,33.3868,-96.9325,5950.0001904,289.73375999999996,100.34,False,2026-03-13 17:17:46+00:00,Low
a3917e,N329TX,1773422266.0,32.8338,-97.3382,1425.0000456,111.52727999999999,219.54,False,2026-03-13 17:17:46+00:00,Low
a6a441,N527PN,1773422266.0,32.295,-96.6063,9475.0003032,334.13471999999996,301.79,False,2026-03-13 17:17:46+00:00,Low
a0802e,N131PA,1773422266.0,32.8444,-96.2403,1350.0000432000002,99.76608,137.03,False,2026-03-13 17:17:46+00:00,Low
a48973,N3914Q,1773422266.0,32.0712,-96.6744,1125.000036,116.50392,348.11,False,2026-03-13 17:17:46+00:00,Low
a45052,N3771L,1773422266.0,32.4697,-96.9117,800.0000256,62.03304,181.85,False,2026-03-13 17:17:46+00:00,Low
ad311d,N9491L,1773422266.0,32.3534,-97.4543,1700.0000544,100.91304,340.31,False,2026-03-13 17:17:46+00:00,Low
abb58b,N8535G,1773422266.0,33.375,-96.7005,3600.0001152,85.47767999999999,208.66,False,2026-03-13 17:17:46+00:00,Low
a9af67,CXK533,1773422266.0,32.6781,-97.0978,700.0000224,56.29824,167.69,False,2026-03-13 17:17:46+00:00,Low
a5e676,N48CD,1773422266.0,32.8721,-96.6798,1125.000036,43.565039999999996,121.87,False,2026-03-13 17:17:46+00:00,Low
aaa7b5,N786KD,1773422266.0,32.7576,-96.5302,475.0000152,76.0104,180.75,False,2026-03-13 17:17:46+00:00,Low
aaf70f,N8052A,1773422266.0,33.0978,-96.0643,1050.0000336,73.24992,231.1,False,2026-03-13 17:17:46+00:00,Low
a2ce8d,N280FW,1773422266.0,32.8376,-97.3637,850.0000272,116.11511999999999,172.08,False,2026-03-13 17:17:46+00:00,Low
a1fbe6,N227KC,1773422266.0,33.4454,-96.4976,4325.0001384,149.33808,196.74,False,2026-03-13 17:17:46+00:00,Low
a2c27e,SWA1274,1773422266.0,32.8898,-96.8944,1375.0000440000001,135.22464,137.7,False,2026-03-13 17:17:46+00:00,Low
a3db0c,CNS33,1773422266.0,33.0574,-96.7951,1950.0000624,204.76152,320.95,False,2026-03-13 17:17:46+00:00,Low
a52e50,AAL1908,1773422266.0,32.9297,-97.0545,875.0000279999999,127.02096,179.1,False,2026-03-13 17:17:46+00:00,Low
a3e233,N3498F,1773422266.0,32.5671,-96.708,800.0000256,64.81296,141.89,False,2026-03-13 17:17:46+00:00,Low
a20a11,N230SA,1773422266.0,32.962,-96.8121,1525.0000488,83.86416,81.77,False,2026-03-13 17:17:46+00:00,Low
ad081a,N939LH,1773422266.0,32.6667,-96.8198,1575.0000504,115.49304,330.99,False,2026-03-13 17:17:46+00:00,Low
a819f5,N621AA,1773422266.0,33.2142,-97.1303,2600.0000832,95.60592,52.65,False,2026-03-13 17:17:46+00:00,Low
aa9d55,N783TA,1773422266.0,33.0553,-97.2023,900.0000288,64.01592,269.1,False,2026-03-13 17:17:46+00:00,Low
a7c0c5,N599VV,1773422266.0,32.728,-97.3955,3625.000116,116.0568,91.48,False,2026-03-13 17:17:46+00:00,Low
ac2bc6,SWA1061,1773422266.0,33.4337,-97.3009,10900.0003488,355.28544,96.46,False,2026-03-13 17:17:46+00:00,Terminal
a988cc,SKW6335,1773422266.0,33.4083,-96.3105,13375.000428,320.25456,228.54,False,2026-03-13 17:17:46+00:00,Terminal
acd0ca,AAL1393,1773422266.0,32.7391,-97.0539,6025.0001928,248.03496,180.69,False,2026-03-13 17:17:46+00:00,Low
a1c4db,N213CB,1773422266.0,32.4952,-97.1125,1900.0000608,147.6468,49.95,False,2026-03-13 17:17:46+00:00,Low
a18903,N19850,1773422266.0,32.4315,-97.7238,4100.0001312,80.22888,274.29,False,2026-03-13 17:17:46+00:00,Low
ab635d,SWA4623,1773422266.0,33.3318,-96.7386,3925.0001255999996,267.0084,160.07,False,2026-03-13 17:17:46+00:00,Low
ab1fa7,AAL5,1773422266.0,32.8506,-97.8307,19325.0006184,385.28136,277.46,False,2026-03-13 17:17:46+00:00,Transition
ab54ec,N8292D,1773422266.0,32.5561,-97.494,3300.0001056,74.00807999999999,270.77,False,2026-03-13 17:17:46+00:00,Low
a7299c,N5602V,1773422266.0,33.0923,-96.0753,900.0000288,86.62464,148.7,False,2026-03-13 17:17:46+00:00,Low
aa34d0,N757HY,1773422266.0,33.3859,-97.3086,4100.0001312,64.65744,121.72,False,2026-03-13 17:17:46+00:00,Low
a919b4,N686CA,1773422266.0,32.6122,-96.8855,2075.0000664,122.04432,1.41,False,2026-03-13 17:17:46+00:00,Low
a51e3b,N429NA,1773422266.0,32.791,-97.1643,950.0000304,80.01503999999998,179.28,False,2026-03-13 17:17:46+00:00,Low
a1559d,N1850F,1773422266.0,32.5599,-96.2991,4300.0001376,130.55903999999998,95.27,False,2026-03-13 17:17:46+00:00,Low
a7c85c,N600MK,1773422266.0,32.558,-96.7723,11550.0003696,235.06848,172.42,False,2026-03-13 17:17:46+00:00,Terminal
ae52aa,TANDM29,1773422266.0,32.731,-96.9748,450.0000144,32.25096,277.13,False,2026-03-13 17:17:46+00:00,Low
ade53c,CNS316,1773422266.0,32.924,-97.1384,4925.0001576,215.9784,277.72,False,2026-03-13 17:17:46+00:00,Low
a1074e,N1655F,1773422266.0,33.1642,-97.7845,3400.0001088,86.33304,244.62,False,2026-03-13 17:17:46+00:00,Low
ad3396,N95PC,1773422266.0,33.0288,-97.648,22000.000704000002,225.19296,238.99,False,2026-03-13 17:17:46+00:00,Transition
a20132,N22808,1773422266.0,32.6793,-97.1,1000.000032,67.47624,129.59,False,2026-03-13 17:17:46+00:00,Low
a5749c,N4501E,1773422266.0,32.939,-97.578,2525.0000808,104.39280000000001,85.05,False,2026-03-13 17:17:46+00:00,Low
a74ae4,N5691R,1773422266.0,33.3051,-96.2713,2525.0000808,71.13096,242.35,False,2026-03-13 17:17:46+00:00,Low
a14f2f,N1837S,1773422266.0,32.9165,-96.1342,41000.001312,450.1332,101.53,False,2026-03-13 17:17:46+00:00,High
a5c430,N4705Q,1773422266.0,33.3602,-97.1222,2900.0000928,87.03288,1.32,False,2026-03-13 17:17:46+00:00,Low
adcbdc,N98843,1773422266.0,32.4801,-97.2524,1500.0000479999999,82.85328,240.34,False,2026-03-13 17:17:46+00:00,Low
a3a9eb,AAL1746,1773422266.0,32.7911,-96.9692,35000.00112,481.70376,119.07,False,2026-03-13 17:17:46+00:00,High
a0237e,N108LZ,1773422266.0,33.026,-96.1013,4900.0001568,139.67639999999997,60.87,False,2026-03-13 17:17:46+00:00,Low
ac0e33,N876SC,1773422266.0,32.4058,-97.1028,3425.0001096,105.69528,186.52,False,2026-03-13 17:17:46+00:00,Low
a7ea3f,N609SA,1773422266.0,32.9959,-96.5577,2900.0000928,128.77056,263.76,False,2026-03-13 17:17:46+00:00,Low
a02eaf,N1101A,1773422266.0,32.9843,-96.0649,20675.0006616,393.19343999999995,68.98,False,2026-03-13 17:17:46+00:00,Transition
ac00b1,SWA2651,1773422266.0,32.9368,-96.853,2625.0000840000002,165.35664,262.7,False,2026-03-13 17:17:46+00:00,Low
ac6f9c,N900EM,1773422266.0,32.4472,-96.7023,40000.00128,423.03384,352.12,False,2026-03-13 17:17:46+00:00,High
a25ba7,EPI251,1773422266.0,32.9638,-96.7415,2000.000064,101.088,87.73,False,2026-03-13 17:17:46+00:00,Low
a9dc3d,N734ZY,1773422266.0,33.2523,-97.1244,2450.0000784,125.01864,0.92,False,2026-03-13 17:17:46+00:00,Low
acac14,N9153W,1773422266.0,33.0519,-96.5605,4375.00014,111.43008,151.59,False,2026-03-13 17:17:46+00:00,Low
a20258,UNKNOWN,1773422266.0,32.766,-97.6704,1575.0000504,83.74752,319.84,False,2026-03-13 17:17:46+00:00,Low
a6d0f0,N5383K,1773422266.0,32.424,-97.4115,1725.0000552,91.5624,263.73,False,2026-03-13 17:17:46+00:00,Low
a46430,N382RA,1773422266.0,33.4268,-97.2173,1975.0000632,94.03128,1.22,False,2026-03-13 17:17:46+00:00,Low
a52dbc,NWX432,1773422266.0,32.6023,-97.9848,4050.0001296,103.38192,245.42,False,2026-03-13 17:17:46+00:00,Low
ab9b9d,UAL539,1773422266.0,32.8816,-97.03,1225.0000392,161.02151999999998,180.36,False,2026-03-13 17:17:46+00:00,Low
a904e6,TRF688,1773422266.0,32.9775,-96.1178,1900.0000608,122.54975999999999,26.15,False,2026-03-13 17:17:46+00:00,Low
a63c08,N500XL,1773422266.0,32.6435,-97.1276,1750.0000559999999,154.50912,338.75,False,2026-03-13 17:17:46+00:00,Low
a64310,N502TJ,1773422266.0,32.9586,-96.5791,2300.0000735999997,124.82423999999999,303.56,False,2026-03-13 17:17:46+00:00,Low
a9903a,SKW6355,1773422266.0,32.8102,-97.2636,10400.0003328,297.87912,337.91,False,2026-03-13 17:17:46+00:00,Terminal
a5bb0b,N469AA,1773422266.0,33.2572,-97.4052,3050.0000976,135.04968,88.73,False,2026-03-13 17:17:46+00:00,Low
a4c7a3,N407LG,1773422266.0,32.8524,-97.7428,1775.0000568,121.15008,272.84,False,2026-03-13 17:17:46+00:00,Low
a81b3a,N621PA,1773422266.0,33.2041,-97.167,2500.00008,94.51728,29.82,False,2026-03-13 17:17:46+00:00,Low
a11908,N17YP,1773422266.0,32.5107,-97.8375,4450.000142399999,138.1212,228.23,False,2026-03-13 17:17:46+00:00,Low
ab9af3,AAL9602,1773422266.0,32.373,-97.8706,21525.0006888,451.63007999999996,87.08,False,2026-03-13 17:17:46+00:00,Transition
a56acc,NWX448,1773422266.0,32.9885,-97.8505,5950.0001904,99.47448,170.16,False,2026-03-13 17:17:46+00:00,Low
a49a5b,N396PC,1773422266.0,32.492,-96.8478,800.0000256,70.72272000000001,171.87,False,2026-03-13 17:17:46+00:00,Low
a46665,NWX382,1773422266.0,32.9694,-97.3187,1325.0000424,83.22264,274.13,False,2026-03-13 17:17:46+00:00,Low
a4ea9d,N416CA,1773422266.0,32.6873,-96.8473,1625.000052,96.13080000000001,357.02,False,2026-03-13 17:17:46+00:00,Low
a621f8,N49447,1773422266.0,32.6239,-97.8914,3600.0001152,83.55311999999999,317.91,False,2026-03-13 17:17:46+00:00,Low
acf261,N933SC,1773422266.0,32.7185,-97.0302,1325.0000424,87.48,280.54,False,2026-03-13 17:17:46+00:00,Low
a20fa3,CXK619,1773422266.0,33.3311,-96.081,4475.0001432,93.64248,250.02,False,2026-03-13 17:17:46+00:00,Low
a37313,N321LT,1773422266.0,32.933,-97.1905,3450.0001104,166.44528,94.13,False,2026-03-13 17:17:46+00:00,Low
a4e1d5,N4131W,1773422266.0,33.1936,-96.5123,5425.0001735999995,154.85904,54.46,False,2026-03-13 17:17:46+00:00,Low
ab4732,AAL127,1773422266.0,32.8914,-97.6532,14650.000468799999,383.29848,288.72,False,2026-03-13 17:17:46+00:00,Terminal
a0bcb2,AAL810,1773422266.0,32.901,-97.0509,600.0000192,144.03096,180.8,False,2026-03-13 17:17:46+00:00,Low
abe501,SWA2471,1773422266.0,32.052,-96.7194,36000.001152,432.88992,211.01,False,2026-03-13 17:17:46+00:00,High
acc8d1,N9226Q,1773422266.0,32.2964,-97.6956,3100.0000992,101.71008,210.09,False,2026-03-13 17:17:46+00:00,Low
a3bc0b,N34MC,1773422266.0,32.1614,-96.9512,4425.0001416,144.47807999999998,295.86,False,2026-03-13 17:17:46+00:00,Low
ac9b48,N911KE,1773422266.0,33.0335,-96.543,2400.0000768,130.61736,288.3,False,2026-03-13 17:17:46+00:00,Low
a05b92,N122EP,1773422266.0,32.65,-96.9091,3475.0001112,179.31455999999997,102.56,False,2026-03-13 17:17:46+00:00,Low
ac667a,N89878,1773422266.0,33.1254,-97.678,3000.0000959999998,102.60432,100.11,False,2026-03-13 17:17:46+00:00,Low
a5b59d,SWA1983,1773422266.0,32.7649,-96.7899,3925.0001255999996,239.36471999999998,183.11,False,2026-03-13 17:17:46+00:00,Low
a9def3,N735PR,1773422266.0,32.6975,-97.6583,5925.0001896,103.1292,182.78,False,2026-03-13 17:17:46+00:00,Low
ad6cb1,TRF564,1773422266.0,32.7302,-96.243,1200.0000384,92.86488,311.07,False,2026-03-13 17:17:46+00:00,Low
ac53f8,SWA1919,1773422266.0,32.4986,-96.9479,7825.0002503999995,291.26952,65.02,False,2026-03-13 17:17:46+00:00,Low
a146f1,SWA22,1773422266.0,32.8645,-96.8652,700.0000224,147.10247999999999,135.55,False,2026-03-13 17:17:46+00:00,Low
a791c0,AAL2369,1773422266.0,33.3217,-97.5335,8775.000280799999,300.69792,110.85,False,2026-03-13 17:17:46+00:00,Low
a91ab7,NKS1121,1773422266.0,33.0043,-96.9138,8075.0002584,254.02247999999997,0.45,False,2026-03-13 17:17:46+00:00,Low
a43357,N37VK,1773422266.0,32.1788,-97.0226,2950.0000944,138.1212,41.77,False,2026-03-13 17:17:46+00:00,Low
a13501,AAL1514,1773422266.0,32.4673,-96.5441,17150.0005488,340.16112,315.6,False,2026-03-13 17:17:46+00:00,Terminal
a97187,N7074V,1773422266.0,32.6403,-97.4605,2900.0000928,143.23392,86.8,False,2026-03-13 17:17:46+00:00,Low
a1c05d,UCA4331,1773422266.0,33.378,-96.7288,32000.001024,454.62384000000003,196.88,False,2026-03-13 17:17:46+00:00,High
a7eb0c,N6090F,1773422266.0,32.7138,-96.2671,400.0000128,62.0136,180.92,False,2026-03-13 17:17:46+00:00,Low
aa733b,SWA696,1773422266.0,32.7164,-96.5785,5325.0001704,275.562,318.38,False,2026-03-13 17:17:46+00:00,Low
a01129,N103PL,1773422266.0,32.1934,-97.0798,3450.0001104,160.6716,28.64,False,2026-03-13 17:17:46+00:00,Low
a92ac4,N690AP,1773422266.0,32.6896,-96.8668,675.0000216000001,74.99951999999999,180.0,False,2026-03-13 17:17:46+00:00,Low
a31c16,N3QZ,1773422266.0,32.0694,-96.1985,5900.0001888,131.25887999999998,352.12,False,2026-03-13 17:17:46+00:00,Low
aa0a6e,SKW6433,1773422266.0,33.2604,-97.2319,4950.0001584,252.58392,93.86,False,2026-03-13 17:17:46+00:00,Low
a06bd8,N126VA,1773422266.0,32.9571,-97.3188,1200.0000384,45.995039999999996,180.0,False,2026-03-13 17:17:46+00:00,Low
ab3dc3,UAL1350,1773422266.0,33.1747,-97.0804,3000.0000959999998,247.374,152.3,False,2026-03-13 17:17:46+00:00,Low
ac6596,SWA1570,1773422266.0,32.3787,-96.1364,12525.0004008,330.5772,287.06,False,2026-03-13 17:17:46+00:00,Terminal
a5a106,N46198,1773422266.0,32.9394,-97.419,1050.0000336,56.60928,147.99,False,2026-03-13 17:17:46+00:00,Low
86831e,JAL11,1773422266.0,33.0823,-97.9799,21875.0007,406.06271999999996,293.98,False,2026-03-13 17:17:46+00:00,Transition
a23d25,SWA3160,1773422266.0,33.1853,-96.7799,3925.0001255999996,254.64456,202.64,False,2026-03-13 17:17:46+00:00,Low
acb9c6,N919TC,1773422266.0,32.3126,-96.0744,4550.0001456,113.16024,348.79,False,2026-03-13 17:17:46+00:00,Low
a44983,UAL686,1773422266.0,32.1473,-97.2781,35000.00112,476.76599999999996,133.64,False,2026-03-13 17:17:46+00:00,High
acf4c7,N934CR,1773422266.0,32.8646,-96.8652,750.0000239999999,103.24584,135.0,False,2026-03-13 17:17:46+00:00,Low
a9d6a5,N733ES,1773422266.0,33.3123,-97.3391,3600.0001152,60.67224,8.53,False,2026-03-13 17:17:46+00:00,Low
a7a9c5,JIA5037,1773422266.0,32.2746,-96.1785,22850.0007312,391.1328,271.32,False,2026-03-13 17:17:46+00:00,Transition
adb434,N982ST,1773422266.0,32.8538,-96.8645,600.0000192,78.77088,61.16,False,2026-03-13 17:17:46+00:00,Low
a9b193,N72338,1773422266.0,33.1689,-96.8681,1500.0000479999999,94.73111999999999,10.95,False,2026-03-13 17:17:46+00:00,Low
aca94b,AAL1321,1773422266.0,32.7547,-97.2003,8850.0002832,265.53096,260.68,False,2026-03-13 17:17:46+00:00,Low
a9d837,N733WU,1773422266.0,32.6843,-97.0472,1275.0000408,76.16592,176.24,False,2026-03-13 17:17:46+00:00,Low
aab5f3,N79CW,1773422266.0,32.9473,-96.7182,2425.0000775999997,158.08607999999998,281.31,False,2026-03-13 17:17:46+00:00,Low
a28191,CXK337,1773422266.0,33.1468,-96.5398,2625.0000840000002,91.93176,98.13,False,2026-03-13 17:17:46+00:00,Low
acdbee,AAL2845,1773422266.0,32.8989,-97.0325,550.0000176,10.206,78.69,False,2026-03-13 17:17:46+00:00,Low
a12215,N172RC,1773422266.0,33.2189,-97.4071,2375.000076,71.13096,242.35,False,2026-03-13 17:17:46+00:00,Low
a23b90,N243EH,1773422266.0,32.9712,-97.3305,1400.0000448,33.534,169.7,False,2026-03-13 17:17:46+00:00,Low
a2b885,N2746C,1773422266.0,32.7659,-96.53,800.0000256,48.016799999999996,181.19,False,2026-03-13 17:17:46+00:00,Low
a18403,AAL2050,1773422266.0,32.8494,-97.0509,2350.0000752,185.04935999999998,181.24,False,2026-03-13 17:17:46+00:00,Low
adbdf7,CAP4228,1773422266.0,33.1607,-96.4344,2300.0000735999997,90.76535999999999,288.63,False,2026-03-13 17:17:46+00:00,Low
adb260,N9818W,1773422266.0,33.0572,-96.2245,2400.0000768,102.17664,3.37,False,2026-03-13 17:17:46+00:00,Low
a001a9,N1SY,1773422266.0,32.763,-96.3807,2000.000064,122.06376,262.47,False,2026-03-13 17:17:46+00:00,Low
a121ec,N172PM,1773422266.0,33.1991,-96.588,1100.0000352,68.46768,186.71,False,2026-03-13 17:17:46+00:00,Low
a8fd3c,AAL896,1773422266.0,32.9863,-97.0258,1875.00006,131.00616,180.44,False,2026-03-13 17:17:46+00:00,Low
ad14a3,AAL2671,1773422266.0,33.1097,-96.9346,5425.0001735999995,237.4596,345.61,False,2026-03-13 17:17:46+00:00,Low
a90a29,N6816S,1773422266.0,33.374,-96.4785,7475.000239200001,186.9156,101.73,False,2026-03-13 17:17:46+00:00,Low
a7f6bf,LXJ612,1773422266.0,33.1465,-97.6647,43000.001376,492.82343999999995,121.98,False,2026-03-13 17:17:46+00:00,High
adb2bd,N982BT,1773422266.0,33.3764,-97.3627,4700.0001504,102.06,91.68,False,2026-03-13 17:17:46+00:00,Low
a5198f,N428CF,1773422266.0,33.0438,-96.8379,775.0000248,9.992159999999998,126.87,False,2026-03-13 17:17:46+00:00,Low
a84057,N63017,1773422266.0,32.7111,-96.1517,2425.0000775999997,92.08727999999999,267.51,False,2026-03-13 17:17:46+00:00,Low
a72078,SGE67,1773422266.0,32.9973,-97.4921,1500.0000479999999,63.51048,172.76,False,2026-03-13 17:17:46+00:00,Low
a06560,N1243S,1773422266.0,33.1937,-97.5407,2700.0000864000003,87.98544,328.48,False,2026-03-13 17:17:46+00:00,Low
ac9e2b,N912AT,1773422266.0,32.9423,-97.4336,1250.00004,69.34248,146.77,False,2026-03-13 17:17:46+00:00,Low
a04b96,N118TB,1773422266.0,32.5022,-96.9307,1700.0000544,107.42544,245.82,False,2026-03-13 17:17:46+00:00,Low
a9e8c8,N738AE,1773422266.0,33.0945,-96.3482,1500.0000479999999,129.5676,185.31,False,2026-03-13 17:17:46+00:00,Low
a72bda,JIA5406,1773422266.0,33.0827,-97.0891,4150.0001328,207.21096,92.49,False,2026-03-13 17:17:46+00:00,Low
a234ef,ENY4095,1773422274.0,32.9246,-97.2723,12325.0003944,360.126,1.27,False,2026-03-13 17:17:54+00:00,Terminal
a53473,N43408,1773422274.0,32.3835,-97.8875,4500.000144,92.96208,238.19,False,2026-03-13 17:17:54+00:00,Low
abfac6,SWA2531,1773422274.0,33.3848,-96.9199,5725.0001832,287.75088,100.41,False,2026-03-13 17:17:54+00:00,Low
a3917e,N329TX,1773422274.0,32.8334,-97.3386,1425.0000456,111.52727999999999,219.54,False,2026-03-13 17:17:54+00:00,Low
a6a441,N527PN,1773422274.0,32.3009,-96.6193,9175.0002936,314.42256000000003,296.24,False,2026-03-13 17:17:54+00:00,Low
a0802e,N131PA,1773422274.0,32.8423,-96.2362,1275.0000408,108.47519999999999,102.24,False,2026-03-13 17:17:54+00:00,Low
a48973,N3914Q,1773422274.0,32.0759,-96.6756,1100.0000352,116.50392,348.11,False,2026-03-13 17:17:54+00:00,Low
a45052,N3771L,1773422274.0,32.4673,-96.9118,700.0000224,62.208,184.61,False,2026-03-13 17:17:54+00:00,Low
ad311d,N9491L,1773422274.0,32.3583,-97.4564,1700.0000544,99.16344,338.09,False,2026-03-13 17:17:54+00:00,Low
abb58b,N8535G,1773422274.0,33.3723,-96.7024,3600.0001152,85.59432,210.16,False,2026-03-13 17:17:54+00:00,Low
a9af67,CXK533,1773422274.0,32.6781,-97.0978,700.0000224,56.29824,167.69,False,2026-03-13 17:17:54+00:00,Low
a5e676,N48CD,1773422274.0,32.8714,-96.678,1125.000036,45.21744,108.03,False,2026-03-13 17:17:54+00:00,Low
aaa7b5,N786KD,1773422274.0,32.7576,-96.5302,475.0000152,76.0104,180.75,False,2026-03-13 17:17:54+00:00,Low
aaf70f,N8052A,1773422274.0,33.0978,-96.0643,1050.0000336,73.24992,231.1,False,2026-03-13 17:17:54+00:00,Low
a2ce8d,N280FW,1773422274.0,32.8376,-97.3637,850.0000272,116.11511999999999,172.08,False,2026-03-13 17:17:54+00:00,Low
a1fbe6,N227KC,1773422274.0,33.4396,-96.4996,4275.0001368,150.01848,196.26,False,2026-03-13 17:17:54+00:00,Low
a2c27e,SWA1274,1773422274.0,32.8858,-96.8901,1250.00004,135.8856,137.39,False,2026-03-13 17:17:54+00:00,Low
a3db0c,CNS33,1773422274.0,33.0626,-96.8021,1950.0000624,200.67912,301.55,False,2026-03-13 17:17:54+00:00,Low
a52e50,AAL1908,1773422274.0,32.9252,-97.0545,800.0000256,127.00152,180.0,False,2026-03-13 17:17:54+00:00,Low
a3e233,N3498F,1773422274.0,32.5652,-96.7061,900.0000288,63.141119999999994,139.5,False,2026-03-13 17:17:54+00:00,Low
a20a11,N230SA,1773422274.0,32.9624,-96.8084,1600.0000512,79.4124,84.22,False,2026-03-13 17:17:54+00:00,Low
ad081a,N939LH,1773422274.0,32.6704,-96.8222,1525.0000488,110.06927999999999,331.81,False,2026-03-13 17:17:54+00:00,Low
a819f5,N621AA,1773422274.0,33.2168,-97.1263,2675.0000856,95.60592,52.65,False,2026-03-13 17:17:54+00:00,Low
aa9d55,N783TA,1773422274.0,33.0553,-97.2023,900.0000288,64.01592,269.1,False,2026-03-13 17:17:54+00:00,Low
a7c0c5,N599VV,1773422274.0,32.7279,-97.3902,3625.000116,114.05448,91.51,False,2026-03-13 17:17:54+00:00,Low
ac2bc6,SWA1061,1773422274.0,33.4322,-97.2852,10800.000345600001,350.32824,96.56,False,2026-03-13 17:17:54+00:00,Terminal
a988cc,SKW6335,1773422274.0,33.4003,-96.3213,13175.0004216,316.77479999999997,228.71,False,2026-03-13 17:17:54+00:00,Terminal
a1c4db,N213CB,1773422274.0,32.4989,-97.1072,1900.0000608,148.92983999999998,49.36,False,2026-03-13 17:17:54+00:00,Low
a18903,N19850,1773422274.0,32.4318,-97.7271,4125.000132,79.64568,262.79,False,2026-03-13 17:17:54+00:00,Low
ab635d,SWA4623,1773422274.0,33.3223,-96.7366,3925.0001255999996,265.02552000000003,179.57,False,2026-03-13 17:17:54+00:00,Low
ab1fa7,AAL5,1773422274.0,32.8525,-97.848,19525.0006248,387.26424000000003,277.42,False,2026-03-13 17:17:54+00:00,Transition
ab54ec,N8292D,1773422274.0,32.5561,-97.4976,3300.0001056,73.03608,271.57,False,2026-03-13 17:17:54+00:00,Low
a7299c,N5602V,1773422274.0,33.0923,-96.0753,900.0000288,86.62464,148.7,False,2026-03-13 17:17:54+00:00,Low
aa34d0,N757HY,1773422274.0,33.3851,-97.3069,4200.0001344,62.26632,119.86,False,2026-03-13 17:17:54+00:00,Low
a919b4,N686CA,1773422274.0,32.6169,-96.8853,2000.000064,120.02256,0.48,False,2026-03-13 17:17:54+00:00,Low
a51e3b,N429NA,1773422274.0,32.7881,-97.1642,1000.000032,80.01503999999998,180.0,False,2026-03-13 17:17:54+00:00,Low
a1559d,N1850F,1773422274.0,32.5594,-96.2931,4375.00014,128.47896,94.91,False,2026-03-13 17:17:54+00:00,Low
a7c85c,N600MK,1773422274.0,32.5492,-96.7709,11450.0003664,238.17888,172.28,False,2026-03-13 17:17:54+00:00,Terminal
ae52aa,TANDM29,1773422274.0,32.731,-96.9748,450.0000144,32.25096,277.13,False,2026-03-13 17:17:54+00:00,Low
ade53c,CNS316,1773422274.0,32.9251,-97.148,4925.0001576,219.94415999999998,277.58,False,2026-03-13 17:17:54+00:00,Low
a1074e,N1655F,1773422274.0,33.1591,-97.7975,3400.0001088,86.54688,247.58,False,2026-03-13 17:17:54+00:00,Low
ad3396,N95PC,1773422274.0,33.0245,-97.6565,22000.000704000002,225.19296,238.99,False,2026-03-13 17:17:54+00:00,Transition
a20132,N22808,1773422274.0,32.6766,-97.0975,825.0000264,63.607679999999995,143.31,False,2026-03-13 17:17:54+00:00,Low
a5749c,N4501E,1773422274.0,32.939,-97.578,2525.0000808,105.48143999999999,84.56,False,2026-03-13 17:17:54+00:00,Low
a74ae4,N5691R,1773422274.0,33.3032,-96.2758,2450.0000784,75.58272000000001,244.11,False,2026-03-13 17:17:54+00:00,Low
a14f2f,N1837S,1773422274.0,32.9134,-96.1165,41000.001312,450.1332,101.53,False,2026-03-13 17:17:54+00:00,High
a5c430,N4705Q,1773422274.0,33.3636,-97.122,2900.0000928,86.37192,5.31,False,2026-03-13 17:17:54+00:00,Low
adcbdc,N98843,1773422274.0,32.4783,-97.256,1525.0000488,82.50335999999999,239.39,False,2026-03-13 17:17:54+00:00,Low
a3a9eb,AAL1746,1773422274.0,32.7822,-96.9503,35000.00112,481.70376,119.07,False,2026-03-13 17:17:54+00:00,High
a0237e,N108LZ,1773422274.0,33.0289,-96.0949,4900.0001568,139.19039999999998,61.23,False,2026-03-13 17:17:54+00:00,Low
ac0e33,N876SC,1773422274.0,32.4018,-97.1033,3425.0001096,105.48143999999999,185.44,False,2026-03-13 17:17:54+00:00,Low
a7ea3f,N609SA,1773422274.0,32.9953,-96.5634,2900.0000928,127.89576000000001,263.26,False,2026-03-13 17:17:54+00:00,Low
a02eaf,N1101A,1773422274.0,32.9896,-96.0485,20950.0006704,397.27584,69.06,False,2026-03-13 17:17:54+00:00,Transition
ac00b1,SWA2651,1773422274.0,32.9355,-96.86,2500.00008,164.98728,254.53,False,2026-03-13 17:17:54+00:00,Low
ac6f9c,N900EM,1773422274.0,32.4635,-96.705,40000.00128,423.306,351.85,False,2026-03-13 17:17:54+00:00,High
a25ba7,EPI251,1773422274.0,32.9639,-96.7371,2000.000064,101.088,87.73,False,2026-03-13 17:17:54+00:00,Low
a9dc3d,N734ZY,1773422274.0,33.2573,-97.1241,2425.0000775999997,126.34055999999998,4.09,False,2026-03-13 17:17:54+00:00,Low
acac14,N9153W,1773422274.0,33.0483,-96.5582,4475.0001432,110.53584,151.35,False,2026-03-13 17:17:54+00:00,Low
a20258,UNKNOWN,1773422274.0,32.766,-97.6704,1575.0000504,83.74752,319.84,False,2026-03-13 17:17:54+00:00,Low
a6d0f0,N5383K,1773422274.0,32.4236,-97.4159,1725.0000552,92.55384,263.8,False,2026-03-13 17:17:54+00:00,Low
a46430,N382RA,1773422274.0,33.4383,-97.2171,2000.000064,92.02896,1.25,False,2026-03-13 17:17:54+00:00,Low
a52dbc,NWX432,1773422274.0,32.6023,-97.9848,4050.0001296,103.38192,245.42,False,2026-03-13 17:17:54+00:00,Low
ab9b9d,UAL539,1773422274.0,32.8757,-97.0301,1600.0000512,158.02776,180.73,False,2026-03-13 17:17:54+00:00,Low
a904e6,TRF688,1773422274.0,32.9832,-96.1144,1900.0000608,122.54975999999999,26.15,False,2026-03-13 17:17:54+00:00,Low
a63c08,N500XL,1773422274.0,32.6512,-97.1312,1675.0000536,156.18096,338.2,False,2026-03-13 17:17:54+00:00,Low
a64310,N502TJ,1773422274.0,32.9613,-96.5838,2300.0000735999997,127.07928000000001,305.07,False,2026-03-13 17:17:54+00:00,Low
a9903a,SKW6355,1773422274.0,32.8208,-97.267,10725.0003432,302.70024,349.92,False,2026-03-13 17:17:54+00:00,Terminal
a5bb0b,N469AA,1773422274.0,33.2573,-97.4016,3050.0000976,137.03256,89.16,False,2026-03-13 17:17:54+00:00,Low
a4c7a3,N407LG,1773422274.0,32.8524,-97.7428,1775.0000568,121.15008,272.84,False,2026-03-13 17:17:54+00:00,Low
a81b3a,N621PA,1773422274.0,33.2113,-97.1622,2500.00008,94.51728,29.82,False,2026-03-13 17:17:54+00:00,Low
a11908,N17YP,1773422274.0,32.5067,-97.843,4400.0001408,141.23160000000001,229.88,False,2026-03-13 17:17:54+00:00,Low
ab9af3,AAL9602,1773422274.0,32.3738,-97.8514,21250.00068,450.58032,87.2,False,2026-03-13 17:17:54+00:00,Transition
a56acc,NWX448,1773422274.0,32.9856,-97.8501,5925.0001896,96.63624,173.46,False,2026-03-13 17:17:54+00:00,Low
a49a5b,N396PC,1773422274.0,32.4901,-96.8475,650.0000208,68.07888,169.85,False,2026-03-13 17:17:54+00:00,Low
a46665,NWX382,1773422274.0,32.9709,-97.3407,1800.0000576,82.38672,275.57,False,2026-03-13 17:17:54+00:00,Low
a4ea9d,N416CA,1773422274.0,32.6908,-96.8483,1575.0000504,88.78248,337.48,False,2026-03-13 17:17:54+00:00,Low
a621f8,N49447,1773422274.0,32.6262,-97.8939,3600.0001152,83.45591999999999,315.97,False,2026-03-13 17:17:54+00:00,Low
acf261,N933SC,1773422274.0,32.7189,-97.0339,1225.0000392,92.67048,276.82,False,2026-03-13 17:17:54+00:00,Low
a20fa3,CXK619,1773422274.0,33.33,-96.0848,4475.0001432,94.92551999999999,249.66,False,2026-03-13 17:17:54+00:00,Low
a37313,N321LT,1773422274.0,32.9325,-97.1834,3450.0001104,166.44528,94.13,False,2026-03-13 17:17:54+00:00,Low
a4e1d5,N4131W,1773422274.0,33.197,-96.5068,5425.0001735999995,154.85904,54.46,False,2026-03-13 17:17:54+00:00,Low
ab4732,AAL127,1773422274.0,32.8961,-97.6694,14825.0004744,385.84511999999995,288.9,False,2026-03-13 17:17:54+00:00,Terminal
a0bcb2,AAL810,1773422274.0,32.8893,-97.0509,950.0000304,166.01760000000002,180.0,False,2026-03-13 17:17:54+00:00,Low
abe501,SWA2471,1773422274.0,32.038,-96.7293,36000.001152,433.23984,210.83,False,2026-03-13 17:17:54+00:00,High
acc8d1,N9226Q,1773422274.0,32.2936,-97.6977,3200.0001024,102.09888000000001,212.6,False,2026-03-13 17:17:54+00:00,Low
a3bc0b,N34MC,1773422274.0,32.1638,-96.9569,4500.000144,138.64607999999998,296.57,False,2026-03-13 17:17:54+00:00,Low
ac9b48,N911KE,1773422274.0,33.035,-96.5486,2400.0000768,131.56992,288.16,False,2026-03-13 17:17:54+00:00,Low
a05b92,N122EP,1773422274.0,32.6484,-96.9007,3450.0001104,182.44439999999997,102.67,False,2026-03-13 17:17:54+00:00,Low
ac667a,N89878,1773422274.0,33.1254,-97.678,3000.0000959999998,102.60432,100.11,False,2026-03-13 17:17:54+00:00,Low
a5b59d,SWA1983,1773422274.0,32.7554,-96.7912,4175.0001336,246.65472,188.39,False,2026-03-13 17:17:54+00:00,Low
a9def3,N735PR,1773422274.0,32.6933,-97.6582,5950.0001904,106.0452,178.38,False,2026-03-13 17:17:54+00:00,Low
ad6cb1,TRF564,1773422274.0,32.7327,-96.2477,1150.0000367999999,90.25992,291.45,False,2026-03-13 17:17:54+00:00,Low
ac53f8,SWA1919,1773422274.0,32.5033,-96.9358,7625.000244,290.84184000000005,65.2,False,2026-03-13 17:17:54+00:00,Low
a146f1,SWA22,1773422274.0,32.8645,-96.8652,700.0000224,147.10247999999999,135.55,False,2026-03-13 17:17:54+00:00,Low
a791c0,AAL2369,1773422274.0,33.3183,-97.5213,8600.0002752,303.32232,107.66,False,2026-03-13 17:17:54+00:00,Low
a91ab7,NKS1121,1773422274.0,33.0151,-96.9138,7825.0002503999995,253.03104,0.23,False,2026-03-13 17:17:54+00:00,Low
a43357,N37VK,1773422274.0,32.1829,-97.0184,2975.0000952,138.78216,42.08,False,2026-03-13 17:17:54+00:00,Low
a13501,AAL1514,1773422274.0,32.4767,-96.5548,17050.0005456,333.08496,315.61,False,2026-03-13 17:17:54+00:00,Terminal
a97187,N7074V,1773422274.0,32.6407,-97.4538,2900.0000928,143.50608,85.2,False,2026-03-13 17:17:54+00:00,Low
a1c05d,UCA4331,1773422274.0,33.3621,-96.7346,32000.001024,454.62384000000003,196.88,False,2026-03-13 17:17:54+00:00,High
a7eb0c,N6090F,1773422274.0,32.7138,-96.2671,400.0000128,62.0136,180.92,False,2026-03-13 17:17:54+00:00,Low
aa733b,SWA696,1773422274.0,32.7243,-96.5868,5200.0001664,275.6592,318.68,False,2026-03-13 17:17:54+00:00,Low
a01129,N103PL,1773422274.0,32.1987,-97.0764,3400.0001088,159.408,29.3,False,2026-03-13 17:17:54+00:00,Low
a92ac4,N690AP,1773422274.0,32.6896,-96.8668,675.0000216000001,74.99951999999999,180.0,False,2026-03-13 17:17:54+00:00,Low
a31c16,N3QZ,1773422274.0,32.0738,-96.1993,5900.0001888,132.25032,352.18,False,2026-03-13 17:17:54+00:00,Low
aa0a6e,SKW6433,1773422274.0,33.2596,-97.2201,4950.0001584,252.89496,94.76,False,2026-03-13 17:17:54+00:00,Low
a06bd8,N126VA,1773422274.0,32.9571,-97.3188,1200.0000384,45.995039999999996,180.0,False,2026-03-13 17:17:54+00:00,Low
ab3dc3,UAL1350,1773422274.0,33.1669,-97.0755,2975.0000952,242.9028,152.27,False,2026-03-13 17:17:54+00:00,Low
ac6596,SWA1570,1773422274.0,32.3824,-96.1508,12250.000392,329.62464,287.12,False,2026-03-13 17:17:54+00:00,Terminal
a5a106,N46198,1773422274.0,32.9394,-97.419,1050.0000336,56.60928,147.99,False,2026-03-13 17:17:54+00:00,Low
86831e,JAL11,1773422274.0,33.0885,-97.9963,22075.0007064,407.89007999999995,293.86,False,2026-03-13 17:17:54+00:00,Transition
a23d25,SWA3160,1773422274.0,33.1768,-96.7841,3925.0001255999996,253.32264,202.52,False,2026-03-13 17:17:54+00:00,Low
acb9c6,N919TC,1773422274.0,32.3168,-96.0753,4550.0001456,113.78232,349.88,False,2026-03-13 17:17:54+00:00,Low
a44983,UAL686,1773422274.0,32.1348,-97.2626,35000.00112,476.76599999999996,133.64,False,2026-03-13 17:17:54+00:00,High
acf4c7,N934CR,1773422274.0,32.8646,-96.8652,750.0000239999999,103.24584,135.0,False,2026-03-13 17:17:54+00:00,Low
a9d6a5,N733ES,1773422274.0,33.3148,-97.3387,3575.0001144000003,60.41952,6.65,False,2026-03-13 17:17:54+00:00,Low
a7a9c5,JIA5037,1773422274.0,32.2749,-96.1957,22575.0007224,388.1196,271.18,False,2026-03-13 17:17:54+00:00,Transition
adb434,N982ST,1773422274.0,32.8538,-96.8645,600.0000192,78.77088,61.16,False,2026-03-13 17:17:54+00:00,Low
a9b193,N72338,1773422274.0,33.1722,-96.8674,1500.0000479999999,98.48303999999999,9.94,False,2026-03-13 17:17:54+00:00,Low
aca94b,AAL1321,1773422274.0,32.753,-97.2123,9225.000295200001,266.67792000000003,260.5,False,2026-03-13 17:17:54+00:00,Low
a9d837,N733WU,1773422274.0,32.6815,-97.0459,1375.0000440000001,83.4948,133.06,False,2026-03-13 17:17:54+00:00,Low
aab5f3,N79CW,1773422274.0,32.9484,-96.7248,2425.0000775999997,153.1872,281.68,False,2026-03-13 17:17:54+00:00,Low
a28191,CXK337,1773422274.0,33.1462,-96.5355,2700.0000864000003,92.9232,98.04,False,2026-03-13 17:17:54+00:00,Low
acdbee,AAL2845,1773422274.0,32.8995,-97.0319,525.0000168,11.177999999999999,26.57,False,2026-03-13 17:17:54+00:00,Low
a12215,N172RC,1773422274.0,33.2189,-97.4071,2375.000076,67.63176,218.4,False,2026-03-13 17:17:54+00:00,Low
a23b90,N243EH,1773422274.0,32.9712,-97.3305,1400.0000448,33.534,169.7,False,2026-03-13 17:17:54+00:00,Low
a2b885,N2746C,1773422274.0,32.7637,-96.5301,700.0000224,47.99736,180.0,False,2026-03-13 17:17:54+00:00,Low
a18403,AAL2050,1773422274.0,32.8424,-97.0511,2475.0000792,192.10608,181.79,False,2026-03-13 17:17:54+00:00,Low
adbdf7,CAP4228,1773422274.0,33.1617,-96.438,2300.0000735999997,89.81280000000001,288.84,False,2026-03-13 17:17:54+00:00,Low
adb260,N9818W,1773422274.0,33.0605,-96.2243,2500.00008,102.13776,2.81,False,2026-03-13 17:17:54+00:00,Low
a001a9,N1SY,1773422274.0,32.762,-96.3862,2000.000064,119.10888,254.91,False,2026-03-13 17:17:54+00:00,Low
a121ec,N172PM,1773422274.0,33.1637,-96.5902,975.0000312,63.95759999999999,189.9,False,2026-03-13 17:17:54+00:00,Low
a8fd3c,AAL896,1773422274.0,32.9812,-97.0258,1800.0000576,133.00848,180.43,False,2026-03-13 17:17:54+00:00,Low
ad14a3,AAL2671,1773422274.0,33.1186,-96.9391,5150.0001648,233.14392,331.57,False,2026-03-13 17:17:54+00:00,Low
a90a29,N6816S,1773422274.0,33.3724,-96.4697,7475.000239200001,186.9156,101.73,False,2026-03-13 17:17:54+00:00,Low
a7f6bf,LXJ612,1773422274.0,33.1363,-97.6454,43000.001376,491.98752,122.04,False,2026-03-13 17:17:54+00:00,High
adb2bd,N982BT,1773422274.0,33.3766,-97.3586,4775.0001528,99.51335999999999,84.23,False,2026-03-13 17:17:54+00:00,Low
a5198f,N428CF,1773422274.0,33.0438,-96.8379,775.0000248,9.992159999999998,126.87,False,2026-03-13 17:17:54+00:00,Low
a84057,N63017,1773422274.0,32.7109,-96.156,2400.0000768,91.03752,268.74,False,2026-03-13 17:17:54+00:00,Low
a72078,SGE67,1773422274.0,32.9973,-97.4921,1500.0000479999999,63.51048,172.76,False,2026-03-13 17:17:54+00:00,Low
a06560,N1243S,1773422274.0,33.1937,-97.5407,2700.0000864000003,87.98544,328.48,False,2026-03-13 17:17:54+00:00,Low
ac9e2b,N912AT,1773422274.0,32.9255,-97.4084,1025.0000328,68.50656000000001,146.31,False,2026-03-13 17:17:54+00:00,Low
a04b96,N118TB,1773422274.0,32.5004,-96.9353,1800.0000576,107.54208,247.01,False,2026-03-13 17:17:54+00:00,Low
a9e8c8,N738AE,1773422274.0,33.0909,-96.3489,1600.0000512,126.92376000000002,189.98,False,2026-03-13 17:17:54+00:00,Low
a72bda,JIA5406,1773422274.0,33.0809,-97.0803,3900.0001248,199.26,109.34,False,2026-03-13 17:17:54+00:00,Low
a234ef,ENY4095,1773422274.0,32.9246,-97.2723,12325.0003944,360.126,1.27,False,2026-03-13 17:17:54+00:00,Terminal
a53473,N43408,1773422274.0,32.3835,-97.8875,4500.000144,92.96208,238.19,False,2026-03-13 17:17:54+00:00,Low
abfac6,SWA2531,1773422274.0,33.3848,-96.9199,5725.0001832,287.75088,100.41,False,2026-03-13 17:17:54+00:00,Low
a3917e,N329TX,1773422274.0,32.8334,-97.3386,1425.0000456,111.52727999999999,219.54,False,2026-03-13 17:17:54+00:00,Low
a6a441,N527PN,1773422274.0,32.3009,-96.6193,9175.0002936,314.42256000000003,296.24,False,2026-03-13 17:17:54+00:00,Low
a0802e,N131PA,1773422274.0,32.8423,-96.2362,1275.0000408,108.47519999999999,102.24,False,2026-03-13 17:17:54+00:00,Low
a48973,N3914Q,1773422274.0,32.0759,-96.6756,1100.0000352,116.50392,348.11,False,2026-03-13 17:17:54+00:00,Low
a45052,N3771L,1773422274.0,32.4673,-96.9118,700.0000224,62.208,184.61,False,2026-03-13 17:17:54+00:00,Low
ad311d,N9491L,1773422274.0,32.3583,-97.4564,1700.0000544,99.16344,338.09,False,2026-03-13 17:17:54+00:00,Low
abb58b,N8535G,1773422274.0,33.3723,-96.7024,3600.0001152,85.59432,210.16,False,2026-03-13 17:17:54+00:00,Low
a9af67,CXK533,1773422274.0,32.6781,-97.0978,700.0000224,56.29824,167.69,False,2026-03-13 17:17:54+00:00,Low
a5e676,N48CD,1773422274.0,32.8714,-96.678,1125.000036,45.21744,108.03,False,2026-03-13 17:17:54+00:00,Low
aaa7b5,N786KD,1773422274.0,32.7576,-96.5302,475.0000152,76.0104,180.75,False,2026-03-13 17:17:54+00:00,Low
aaf70f,N8052A,1773422274.0,33.0978,-96.0643,1050.0000336,73.24992,231.1,False,2026-03-13 17:17:54+00:00,Low
a2ce8d,N280FW,1773422274.0,32.8376,-97.3637,850.0000272,116.11511999999999,172.08,False,2026-03-13 17:17:54+00:00,Low
a1fbe6,N227KC,1773422274.0,33.4396,-96.4996,4275.0001368,150.01848,196.26,False,2026-03-13 17:17:54+00:00,Low
a2c27e,SWA1274,1773422274.0,32.8858,-96.8901,1250.00004,135.8856,137.39,False,2026-03-13 17:17:54+00:00,Low
a3db0c,CNS33,1773422274.0,33.0626,-96.8021,1950.0000624,200.67912,301.55,False,2026-03-13 17:17:54+00:00,Low
a52e50,AAL1908,1773422274.0,32.9252,-97.0545,800.0000256,127.00152,180.0,False,2026-03-13 17:17:54+00:00,Low
a3e233,N3498F,1773422274.0,32.5652,-96.7061,900.0000288,63.141119999999994,139.5,False,2026-03-13 17:17:54+00:00,Low
a20a11,N230SA,1773422274.0,32.9624,-96.8084,1600.0000512,79.4124,84.22,False,2026-03-13 17:17:54+00:00,Low
ad081a,N939LH,1773422274.0,32.6704,-96.8222,1525.0000488,110.06927999999999,331.81,False,2026-03-13 17:17:54+00:00,Low
a819f5,N621AA,1773422274.0,33.2168,-97.1263,2675.0000856,95.60592,52.65,False,2026-03-13 17:17:54+00:00,Low
aa9d55,N783TA,1773422274.0,33.0553,-97.2023,900.0000288,64.01592,269.1,False,2026-03-13 17:17:54+00:00,Low
a7c0c5,N599VV,1773422274.0,32.7279,-97.3902,3625.000116,114.05448,91.51,False,2026-03-13 17:17:54+00:00,Low
ac2bc6,SWA1061,1773422274.0,33.4322,-97.2852,10800.000345600001,350.32824,96.56,False,2026-03-13 17:17:54+00:00,Terminal
a988cc,SKW6335,1773422274.0,33.4003,-96.3213,13175.0004216,316.77479999999997,228.71,False,2026-03-13 17:17:54+00:00,Terminal
a1c4db,N213CB,1773422274.0,32.4989,-97.1072,1900.0000608,148.92983999999998,49.36,False,2026-03-13 17:17:54+00:00,Low
a18903,N19850,1773422274.0,32.4318,-97.7271,4125.000132,79.64568,262.79,False,2026-03-13 17:17:54+00:00,Low
ab635d,SWA4623,1773422274.0,33.3223,-96.7366,3925.0001255999996,265.02552000000003,179.57,False,2026-03-13 17:17:54+00:00,Low
ab1fa7,AAL5,1773422274.0,32.8525,-97.848,19525.0006248,387.26424000000003,277.42,False,2026-03-13 17:17:54+00:00,Transition
ab54ec,N8292D,1773422274.0,32.5561,-97.4976,3300.0001056,73.03608,271.57,False,2026-03-13 17:17:54+00:00,Low
a7299c,N5602V,1773422274.0,33.0923,-96.0753,900.0000288,86.62464,148.7,False,2026-03-13 17:17:54+00:00,Low
aa34d0,N757HY,1773422274.0,33.3851,-97.3069,4200.0001344,62.26632,119.86,False,2026-03-13 17:17:54+00:00,Low
a919b4,N686CA,1773422274.0,32.6169,-96.8853,2000.000064,120.02256,0.48,False,2026-03-13 17:17:54+00:00,Low
a51e3b,N429NA,1773422274.0,32.7881,-97.1642,1000.000032,80.01503999999998,180.0,False,2026-03-13 17:17:54+00:00,Low
a1559d,N1850F,1773422274.0,32.5594,-96.2931,4375.00014,128.47896,94.91,False,2026-03-13 17:17:54+00:00,Low
a7c85c,N600MK,1773422274.0,32.5492,-96.7709,11450.0003664,238.17888,172.28,False,2026-03-13 17:17:54+00:00,Terminal
ae52aa,TANDM29,1773422274.0,32.731,-96.9748,450.0000144,32.25096,277.13,False,2026-03-13 17:17:54+00:00,Low
ade53c,CNS316,1773422274.0,32.9251,-97.148,4925.0001576,219.94415999999998,277.58,False,2026-03-13 17:17:54+00:00,Low
a1074e,N1655F,1773422274.0,33.1591,-97.7975,3400.0001088,86.54688,247.58,False,2026-03-13 17:17:54+00:00,Low
ad3396,N95PC,1773422274.0,33.0245,-97.6565,22000.000704000002,225.19296,238.99,False,2026-03-13 17:17:54+00:00,Transition
a20132,N22808,1773422274.0,32.6766,-97.0975,825.0000264,63.607679999999995,143.31,False,2026-03-13 17:17:54+00:00,Low
a5749c,N4501E,1773422274.0,32.939,-97.578,2525.0000808,105.48143999999999,84.56,False,2026-03-13 17:17:54+00:00,Low
a74ae4,N5691R,1773422274.0,33.3032,-96.2758,2450.0000784,75.58272000000001,244.11,False,2026-03-13 17:17:54+00:00,Low
a14f2f,N1837S,1773422274.0,32.9134,-96.1165,41000.001312,450.1332,101.53,False,2026-03-13 17:17:54+00:00,High
a5c430,N4705Q,1773422274.0,33.3636,-97.122,2900.0000928,86.37192,5.31,False,2026-03-13 17:17:54+00:00,Low
adcbdc,N98843,1773422274.0,32.4783,-97.256,1525.0000488,82.50335999999999,239.39,False,2026-03-13 17:17:54+00:00,Low
a3a9eb,AAL1746,1773422274.0,32.7822,-96.9503,35000.00112,481.70376,119.07,False,2026-03-13 17:17:54+00:00,High
a0237e,N108LZ,1773422274.0,33.0289,-96.0949,4900.0001568,139.19039999999998,61.23,False,2026-03-13 17:17:54+00:00,Low
ac0e33,N876SC,1773422274.0,32.4018,-97.1033,3425.0001096,105.48143999999999,185.44,False,2026-03-13 17:17:54+00:00,Low
a7ea3f,N609SA,1773422274.0,32.9953,-96.5634,2900.0000928,127.89576000000001,263.26,False,2026-03-13 17:17:54+00:00,Low
a02eaf,N1101A,1773422274.0,32.9896,-96.0485,20950.0006704,397.27584,69.06,False,2026-03-13 17:17:54+00:00,Transition
ac00b1,SWA2651,1773422274.0,32.9355,-96.86,2500.00008,164.98728,254.53,False,2026-03-13 17:17:54+00:00,Low
ac6f9c,N900EM,1773422274.0,32.4635,-96.705,40000.00128,423.306,351.85,False,2026-03-13 17:17:54+00:00,High
a25ba7,EPI251,1773422274.0,32.9639,-96.7371,2000.000064,101.088,87.73,False,2026-03-13 17:17:54+00:00,Low
a9dc3d,N734ZY,1773422274.0,33.2573,-97.1241,2425.0000775999997,126.34055999999998,4.09,False,2026-03-13 17:17:54+00:00,Low
acac14,N9153W,1773422274.0,33.0483,-96.5582,4475.0001432,110.53584,151.35,False,2026-03-13 17:17:54+00:00,Low
a20258,UNKNOWN,1773422274.0,32.766,-97.6704,1575.0000504,83.74752,319.84,False,2026-03-13 17:17:54+00:00,Low
a6d0f0,N5383K,1773422274.0,32.4236,-97.4159,1725.0000552,92.55384,263.8,False,2026-03-13 17:17:54+00:00,Low
a46430,N382RA,1773422274.0,33.4383,-97.2171,2000.000064,92.02896,1.25,False,2026-03-13 17:17:54+00:00,Low
a52dbc,NWX432,1773422274.0,32.6023,-97.9848,4050.0001296,103.38192,245.42,False,2026-03-13 17:17:54+00:00,Low
ab9b9d,UAL539,1773422274.0,32.8757,-97.0301,1600.0000512,158.02776,180.73,False,2026-03-13 17:17:54+00:00,Low
a904e6,TRF688,1773422274.0,32.9832,-96.1144,1900.0000608,122.54975999999999,26.15,False,2026-03-13 17:17:54+00:00,Low
a63c08,N500XL,1773422274.0,32.6512,-97.1312,1675.0000536,156.18096,338.2,False,2026-03-13 17:17:54+00:00,Low
a64310,N502TJ,1773422274.0,32.9613,-96.5838,2300.0000735999997,127.07928000000001,305.07,False,2026-03-13 17:17:54+00:00,Low
a9903a,SKW6355,1773422274.0,32.8208,-97.267,10725.0003432,302.70024,349.92,False,2026-03-13 17:17:54+00:00,Terminal
a5bb0b,N469AA,1773422274.0,33.2573,-97.4016,3050.0000976,137.03256,89.16,False,2026-03-13 17:17:54+00:00,Low
a4c7a3,N407LG,1773422274.0,32.8524,-97.7428,1775.0000568,121.15008,272.84,False,2026-03-13 17:17:54+00:00,Low
a81b3a,N621PA,1773422274.0,33.2113,-97.1622,2500.00008,94.51728,29.82,False,2026-03-13 17:17:54+00:00,Low
a11908,N17YP,1773422274.0,32.5067,-97.843,4400.0001408,141.23160000000001,229.88,False,2026-03-13 17:17:54+00:00,Low
ab9af3,AAL9602,1773422274.0,32.3738,-97.8514,21250.00068,450.58032,87.2,False,2026-03-13 17:17:54+00:00,Transition
a56acc,NWX448,1773422274.0,32.9856,-97.8501,5925.0001896,96.63624,173.46,False,2026-03-13 17:17:54+00:00,Low
a49a5b,N396PC,1773422274.0,32.4901,-96.8475,650.0000208,68.07888,169.85,False,2026-03-13 17:17:54+00:00,Low
a46665,NWX382,1773422274.0,32.9709,-97.3407,1800.0000576,82.38672,275.57,False,2026-03-13 17:17:54+00:00,Low
a4ea9d,N416CA,1773422274.0,32.6908,-96.8483,1575.0000504,88.78248,337.48,False,2026-03-13 17:17:54+00:00,Low
a621f8,N49447,1773422274.0,32.6262,-97.8939,3600.0001152,83.45591999999999,315.97,False,2026-03-13 17:17:54+00:00,Low
acf261,N933SC,1773422274.0,32.7189,-97.0339,1225.0000392,92.67048,276.82,False,2026-03-13 17:17:54+00:00,Low
a20fa3,CXK619,1773422274.0,33.33,-96.0848,4475.0001432,94.92551999999999,249.66,False,2026-03-13 17:17:54+00:00,Low
a37313,N321LT,1773422274.0,32.9325,-97.1834,3450.0001104,166.44528,94.13,False,2026-03-13 17:17:54+00:00,Low
a4e1d5,N4131W,1773422274.0,33.197,-96.5068,5425.0001735999995,154.85904,54.46,False,2026-03-13 17:17:54+00:00,Low
ab4732,AAL127,1773422274.0,32.8961,-97.6694,14825.0004744,385.84511999999995,288.9,False,2026-03-13 17:17:54+00:00,Terminal
a0bcb2,AAL810,1773422274.0,32.8893,-97.0509,950.0000304,166.01760000000002,180.0,False,2026-03-13 17:17:54+00:00,Low
abe501,SWA2471,1773422274.0,32.038,-96.7293,36000.001152,433.23984,210.83,False,2026-03-13 17:17:54+00:00,High
acc8d1,N9226Q,1773422274.0,32.2936,-97.6977,3200.0001024,102.09888000000001,212.6,False,2026-03-13 17:17:54+00:00,Low
a3bc0b,N34MC,1773422274.0,32.1638,-96.9569,4500.000144,138.64607999999998,296.57,False,2026-03-13 17:17:54+00:00,Low
ac9b48,N911KE,1773422274.0,33.035,-96.5486,2400.0000768,131.56992,288.16,False,2026-03-13 17:17:54+00:00,Low
a05b92,N122EP,1773422274.0,32.6484,-96.9007,3450.0001104,182.44439999999997,102.67,False,2026-03-13 17:17:54+00:00,Low
ac667a,N89878,1773422274.0,33.1254,-97.678,3000.0000959999998,102.60432,100.11,False,2026-03-13 17:17:54+00:00,Low
a5b59d,SWA1983,1773422274.0,32.7554,-96.7912,4175.0001336,246.65472,188.39,False,2026-03-13 17:17:54+00:00,Low
a9def3,N735PR,1773422274.0,32.6933,-97.6582,5950.0001904,106.0452,178.38,False,2026-03-13 17:17:54+00:00,Low
ad6cb1,TRF564,1773422274.0,32.7327,-96.2477,1150.0000367999999,90.25992,291.45,False,2026-03-13 17:17:54+00:00,Low
ac53f8,SWA1919,1773422274.0,32.5033,-96.9358,7625.000244,290.84184000000005,65.2,False,2026-03-13 17:17:54+00:00,Low
a146f1,SWA22,1773422274.0,32.8645,-96.8652,700.0000224,147.10247999999999,135.55,False,2026-03-13 17:17:54+00:00,Low
a791c0,AAL2369,1773422274.0,33.3183,-97.5213,8600.0002752,303.32232,107.66,False,2026-03-13 17:17:54+00:00,Low
a91ab7,NKS1121,1773422274.0,33.0151,-96.9138,7825.0002503999995,253.03104,0.23,False,2026-03-13 17:17:54+00:00,Low
a43357,N37VK,1773422274.0,32.1829,-97.0184,2975.0000952,138.78216,42.08,False,2026-03-13 17:17:54+00:00,Low
a13501,AAL1514,1773422274.0,32.4767,-96.5548,17050.0005456,333.08496,315.61,False,2026-03-13 17:17:54+00:00,Terminal
a97187,N7074V,1773422274.0,32.6407,-97.4538,2900.0000928,143.50608,85.2,False,2026-03-13 17:17:54+00:00,Low
a1c05d,UCA4331,1773422274.0,33.3621,-96.7346,32000.001024,454.62384000000003,196.88,False,2026-03-13 17:17:54+00:00,High
a7eb0c,N6090F,1773422274.0,32.7138,-96.2671,400.0000128,62.0136,180.92,False,2026-03-13 17:17:54+00:00,Low
aa733b,SWA696,1773422274.0,32.7243,-96.5868,5200.0001664,275.6592,318.68,False,2026-03-13 17:17:54+00:00,Low
a01129,N103PL,1773422274.0,32.1987,-97.0764,3400.0001088,159.408,29.3,False,2026-03-13 17:17:54+00:00,Low
a92ac4,N690AP,1773422274.0,32.6896,-96.8668,675.0000216000001,74.99951999999999,180.0,False,2026-03-13 17:17:54+00:00,Low
a31c16,N3QZ,1773422274.0,32.0738,-96.1993,5900.0001888,132.25032,352.18,False,2026-03-13 17:17:54+00:00,Low
aa0a6e,SKW6433,1773422274.0,33.2596,-97.2201,4950.0001584,252.89496,94.76,False,2026-03-13 17:17:54+00:00,Low
a06bd8,N126VA,1773422274.0,32.9571,-97.3188,1200.0000384,45.995039999999996,180.0,False,2026-03-13 17:17:54+00:00,Low
ab3dc3,UAL1350,1773422274.0,33.1669,-97.0755,2975.0000952,242.9028,152.27,False,2026-03-13 17:17:54+00:00,Low
ac6596,SWA1570,1773422274.0,32.3824,-96.1508,12250.000392,329.62464,287.12,False,2026-03-13 17:17:54+00:00,Terminal
a5a106,N46198,1773422274.0,32.9394,-97.419,1050.0000336,56.60928,147.99,False,2026-03-13 17:17:54+00:00,Low
86831e,JAL11,1773422274.0,33.0885,-97.9963,22075.0007064,407.89007999999995,293.86,False,2026-03-13 17:17:54+00:00,Transition
a23d25,SWA3160,1773422274.0,33.1768,-96.7841,3925.0001255999996,253.32264,202.52,False,2026-03-13 17:17:54+00:00,Low
acb9c6,N919TC,1773422274.0,32.3168,-96.0753,4550.0001456,113.78232,349.88,False,2026-03-13 17:17:54+00:00,Low
a44983,UAL686,1773422274.0,32.1348,-97.2626,35000.00112,476.76599999999996,133.64,False,2026-03-13 17:17:54+00:00,High
acf4c7,N934CR,1773422274.0,32.8646,-96.8652,750.0000239999999,103.24584,135.0,False,2026-03-13 17:17:54+00:00,Low
a9d6a5,N733ES,1773422274.0,33.3148,-97.3387,3575.0001144000003,60.41952,6.65,False,2026-03-13 17:17:54+00:00,Low
a7a9c5,JIA5037,1773422274.0,32.2749,-96.1957,22575.0007224,388.1196,271.18,False,2026-03-13 17:17:54+00:00,Transition
adb434,N982ST,1773422274.0,32.8538,-96.8645,600.0000192,78.77088,61.16,False,2026-03-13 17:17:54+00:00,Low
a9b193,N72338,1773422274.0,33.1722,-96.8674,1500.0000479999999,98.48303999999999,9.94,False,2026-03-13 17:17:54+00:00,Low
aca94b,AAL1321,1773422274.0,32.753,-97.2123,9225.000295200001,266.67792000000003,260.5,False,2026-03-13 17:17:54+00:00,Low
a9d837,N733WU,1773422274.0,32.6815,-97.0459,1375.0000440000001,83.4948,133.06,False,2026-03-13 17:17:54+00:00,Low
aab5f3,N79CW,1773422274.0,32.9484,-96.7248,2425.0000775999997,153.1872,281.68,False,2026-03-13 17:17:54+00:00,Low
a28191,CXK337,1773422274.0,33.1462,-96.5355,2700.0000864000003,92.9232,98.04,False,2026-03-13 17:17:54+00:00,Low
acdbee,AAL2845,1773422274.0,32.8995,-97.0319,525.0000168,11.177999999999999,26.57,False,2026-03-13 17:17:54+00:00,Low
a12215,N172RC,1773422274.0,33.2189,-97.4071,2375.000076,67.63176,218.4,False,2026-03-13 17:17:54+00:00,Low
a23b90,N243EH,1773422274.0,32.9712,-97.3305,1400.0000448,33.534,169.7,False,2026-03-13 17:17:54+00:00,Low
a2b885,N2746C,1773422274.0,32.7637,-96.5301,700.0000224,47.99736,180.0,False,2026-03-13 17:17:54+00:00,Low
a18403,AAL2050,1773422274.0,32.8424,-97.0511,2475.0000792,192.10608,181.79,False,2026-03-13 17:17:54+00:00,Low
adbdf7,CAP4228,1773422274.0,33.1617,-96.438,2300.0000735999997,89.81280000000001,288.84,False,2026-03-13 17:17:54+00:00,Low
adb260,N9818W,1773422274.0,33.0605,-96.2243,2500.00008,102.13776,2.81,False,2026-03-13 17:17:54+00:00,Low
a001a9,N1SY,1773422274.0,32.762,-96.3862,2000.000064,119.10888,254.91,False,2026-03-13 17:17:54+00:00,Low
a121ec,N172PM,1773422274.0,33.1637,-96.5902,975.0000312,63.95759999999999,189.9,False,2026-03-13 17:17:54+00:00,Low
a8fd3c,AAL896,1773422274.0,32.9812,-97.0258,1800.0000576,133.00848,180.43,False,2026-03-13 17:17:54+00:00,Low
ad14a3,AAL2671,1773422274.0,33.1186,-96.9391,5150.0001648,233.14392,331.57,False,2026-03-13 17:17:54+00:00,Low
a90a29,N6816S,1773422274.0,33.3724,-96.4697,7475.000239200001,186.9156,101.73,False,2026-03-13 17:17:54+00:00,Low
a7f6bf,LXJ612,1773422274.0,33.1363,-97.6454,43000.001376,491.98752,122.04,False,2026-03-13 17:17:54+00:00,High
adb2bd,N982BT,1773422274.0,33.3766,-97.3586,4775.0001528,99.51335999999999,84.23,False,2026-03-13 17:17:54+00:00,Low
a5198f,N428CF,1773422274.0,33.0438,-96.8379,775.0000248,9.992159999999998,126.87,False,2026-03-13 17:17:54+00:00,Low
a84057,N63017,1773422274.0,32.7109,-96.156,2400.0000768,91.03752,268.74,False,2026-03-13 17:17:54+00:00,Low
a72078,SGE67,1773422274.0,32.9973,-97.4921,1500.0000479999999,63.51048,172.76,False,2026-03-13 17:17:54+00:00,Low
a06560,N1243S,1773422274.0,33.1937,-97.5407,2700.0000864000003,87.98544,328.48,False,2026-03-13 17:17:54+00:00,Low
ac9e2b,N912AT,1773422274.0,32.9255,-97.4084,1025.0000328,68.50656000000001,146.31,False,2026-03-13 17:17:54+00:00,Low
a04b96,N118TB,1773422274.0,32.5004,-96.9353,1800.0000576,107.54208,247.01,False,2026-03-13 17:17:54+00:00,Low
a9e8c8,N738AE,1773422274.0,33.0909,-96.3489,1600.0000512,126.92376000000002,189.98,False,2026-03-13 17:17:54+00:00,Low
a72bda,JIA5406,1773422274.0,33.0809,-97.0803,3900.0001248,199.26,109.34,False,2026-03-13 17:17:54+00:00,Low
